
fcntlmodule..fcntl_fcntl.txt-cmathmodule..c_prodi.txt,91,0,No Clone
cmathmodule..c_asin.txt-audioop..audioop_lin2lin.txt,82,1,No Clone
fpetestmodule..db0.txt-audioop..audioop_lin2lin.txt,94,2,No Clone
audioop..audioop_cross.txt-fcntlmodule..ins.txt,64,3,No Clone
cmathmodule..c_cos.txt-cmathmodule..c_prodi.txt,53,4,No Clone
cmathmodule..c_cos.txt-audioop..audioop_cross.txt,80
fpetestmodule..nest2.txt-audioop..audioop_lin2lin.txt,87
fpetestmodule..nest2.txt-cmathmodule..c_asin.txt,66
cmathmodule..c_atan.txt-audioop..audioop_lin2lin.txt,86
cmathmodule..c_atan.txt-fpetestmodule..nest2.txt,58
fpectlmodule..fpe_reset.txt-fcntlmodule..ins.txt,76
fpectlmodule..fpe_reset.txt-audioop..search.txt,70
cmathmodule..cmath_log.txt-audioop..audioop_cross.txt,51
cmathmodule..cmath_log.txt-fpectlmodule..fpe_reset.txt,89
audioop..audioop_reverse.txt-fcntlmodule..ins.txt,71
audioop..audioop_reverse.txt-audioop..search.txt,76
audioop..audioop_tostereo.txt-cmathmodule..c_asin.txt,85
audioop..audioop_tostereo.txt-fpetestmodule..nest2.txt,88
cmathmodule..c_log.txt-cmathmodule..c_asin.txt,58
cmathmodule..c_log.txt-fpetestmodule..nest2.txt,56
audioop..audioop_mul.txt-fcntlmodule..ins.txt,74
audioop..audioop_mul.txt-audioop..search.txt,79
grpmodule..grp_getgrnam.txt-cmathmodule..c_prodi.txt,86
grpmodule..grp_getgrnam.txt-fpectlmodule..fpe_reset.txt,83
grpmodule..grp_getgrnam.txt-audioop..audioop_mul.txt,68
fpetestmodule..test.txt-audioop..search.txt,77
fpetestmodule..test.txt-audioop..audioop_reverse.txt,72
fpectlmodule..sigfpe_handler.txt-audioop..audioop_lin2lin.txt,89
fpectlmodule..sigfpe_handler.txt-fpetestmodule..nest2.txt,58
fpectlmodule..sigfpe_handler.txt-audioop..audioop_tostereo.txt,91
grpmodule..initgrp.txt-audioop..audioop_lin2lin.txt,80
grpmodule..initgrp.txt-fpetestmodule..nest2.txt,71
grpmodule..initgrp.txt-audioop..audioop_tostereo.txt,83
grpmodule..initgrp.txt-fpectlmodule..sigfpe_handler.txt,74
audioop..audioop_lin2alaw.txt-audioop..search.txt,73
audioop..audioop_lin2alaw.txt-fpetestmodule..test.txt,73
audioop..gcd.txt-audioop..audioop_cross.txt,78
audioop..gcd.txt-fpectlmodule..fpe_reset.txt,64
audioop..gcd.txt-audioop..audioop_mul.txt,86
audioop..gcd.txt-audioop..audioop_lin2alaw.txt,81
audioop..audioop_ratecv.txt-audioop..search.txt,94
audioop..audioop_ratecv.txt-audioop..audioop_reverse.txt,78
audioop..audioop_ratecv.txt-fpetestmodule..test.txt,88
audioop..audioop_minmax.txt-cmathmodule..c_asin.txt,76
audioop..audioop_minmax.txt-fpetestmodule..nest2.txt,80
audioop..audioop_minmax.txt-audioop..audioop_tostereo.txt,53
fcntlmodule..fcntl_lockf.txt-audioop..audioop_lin2lin.txt,58
fcntlmodule..fcntl_lockf.txt-cmathmodule..c_asin.txt,77
fcntlmodule..fcntl_lockf.txt-audioop..audioop_tostereo.txt,60
fcntlmodule..fcntl_lockf.txt-fpectlmodule..sigfpe_handler.txt,87
fcntlmodule..fcntl_ioctl.txt-fcntlmodule..ins.txt,83
fcntlmodule..fcntl_ioctl.txt-audioop..audioop_reverse.txt,64
fcntlmodule..fcntl_ioctl.txt-fpetestmodule..test.txt,74
fcntlmodule..fcntl_ioctl.txt-audioop..audioop_ratecv.txt,72
audioop..audioop_tomono.txt-audioop..audioop_cross.txt,51
audioop..audioop_tomono.txt-fpectlmodule..fpe_reset.txt,92
audioop..audioop_tomono.txt-fcntlmodule..fcntl_ioctl.txt,62
audioop..audioop_max.txt-fcntlmodule..ins.txt,64
audioop..audioop_max.txt-fpetestmodule..test.txt,75
audioop..audioop_max.txt-audioop..audioop_ratecv.txt,84
cmathmodule..c_log10.txt-audioop..audioop_lin2lin.txt,87
cmathmodule..c_log10.txt-audioop..audioop_tostereo.txt,88
cmathmodule..c_log10.txt-fpectlmodule..sigfpe_handler.txt,63
cmathmodule..c_log10.txt-audioop..audioop_minmax.txt,82
audioop..audioop_findmax.txt-cmathmodule..c_asin.txt,72
audioop..audioop_findmax.txt-audioop..audioop_tostereo.txt,61
audioop..audioop_findmax.txt-fpectlmodule..sigfpe_handler.txt,82
audioop..audioop_findmax.txt-audioop..audioop_minmax.txt,41
fcntlmodule..conv_descriptor.txt-fcntlmodule..ins.txt,61
fcntlmodule..conv_descriptor.txt-audioop..search.txt,49
fcntlmodule..conv_descriptor.txt-fpetestmodule..test.txt,82
fcntlmodule..conv_descriptor.txt-audioop..audioop_ratecv.txt,95
fcntlmodule..conv_descriptor.txt-audioop..audioop_max.txt,78
audioop.._sum2.txt-audioop..audioop_cross.txt,71
audioop.._sum2.txt-fpectlmodule..fpe_reset.txt,68
audioop.._sum2.txt-audioop..audioop_lin2alaw.txt,75
audioop.._sum2.txt-fcntlmodule..fcntl_ioctl.txt,89
audioop..audioop_findfactor.txt-fcntlmodule..ins.txt,61
audioop..audioop_findfactor.txt-audioop..audioop_reverse.txt,60
audioop..audioop_findfactor.txt-fpetestmodule..test.txt,72
audioop..audioop_findfactor.txt-audioop..audioop_max.txt,48
audioop..audioop_adpcm2lin.txt-audioop..audioop_lin2lin.txt,40
audioop..audioop_adpcm2lin.txt-fpetestmodule..nest2.txt,90
audioop..audioop_adpcm2lin.txt-audioop..audioop_tostereo.txt,40
audioop..audioop_adpcm2lin.txt-audioop..audioop_minmax.txt,59
audioop..audioop_adpcm2lin.txt-cmathmodule..c_log10.txt,90
audioop..audioop_lin2ulaw.txt-cmathmodule..c_asin.txt,76
audioop..audioop_lin2ulaw.txt-audioop..audioop_tostereo.txt,46
audioop..audioop_lin2ulaw.txt-fpectlmodule..sigfpe_handler.txt,85
audioop..audioop_lin2ulaw.txt-audioop..audioop_adpcm2lin.txt,51
fcntlmodule..all_ins.txt-fcntlmodule..ins.txt,87
fcntlmodule..all_ins.txt-audioop..audioop_reverse.txt,73
fcntlmodule..all_ins.txt-fpetestmodule..test.txt,82
fcntlmodule..all_ins.txt-audioop..audioop_ratecv.txt,66
fcntlmodule..all_ins.txt-audioop..audioop_findfactor.txt,83
fpectlmodule..turnoff_sigfpe.txt-cmathmodule..c_prodi.txt,63
fpectlmodule..turnoff_sigfpe.txt-audioop..audioop_cross.txt,79
fpectlmodule..turnoff_sigfpe.txt-fpectlmodule..fpe_reset.txt,59
fpectlmodule..turnoff_sigfpe.txt-audioop..audioop_mul.txt,85
fpectlmodule..turnoff_sigfpe.txt-audioop..audioop_lin2alaw.txt,81
fpectlmodule..turnoff_sigfpe.txt-fcntlmodule..fcntl_ioctl.txt,90
fpectlmodule..turnoff_sigfpe.txt-fcntlmodule..conv_descriptor.txt,56
fpectlmodule..turnoff_sigfpe.txt-fcntlmodule..all_ins.txt,93
audioop..audioop_avgpp.txt-fcntlmodule..ins.txt,77
audioop..audioop_avgpp.txt-audioop..search.txt,81
audioop..audioop_avgpp.txt-audioop..audioop_reverse.txt,37
audioop..audioop_avgpp.txt-fpetestmodule..test.txt,76
audioop..audioop_avgpp.txt-audioop..audioop_ratecv.txt,74
audioop..audioop_avgpp.txt-audioop..audioop_max.txt,45
audioop..audioop_avgpp.txt-audioop..audioop_findfactor.txt,67
cmathmodule..c_sin.txt-audioop..audioop_lin2lin.txt,87
cmathmodule..c_sin.txt-cmathmodule..c_asin.txt,48
cmathmodule..c_sin.txt-fpetestmodule..nest2.txt,56
cmathmodule..c_sin.txt-audioop..audioop_tostereo.txt,89
cmathmodule..c_sin.txt-fpectlmodule..sigfpe_handler.txt,61
cmathmodule..c_sin.txt-audioop..audioop_minmax.txt,81
cmathmodule..c_sin.txt-cmathmodule..c_log10.txt,25
cmathmodule..c_sin.txt-audioop..audioop_adpcm2lin.txt,90
audioop..audioop_getsample.txt-audioop..audioop_lin2lin.txt,45
audioop..audioop_getsample.txt-cmathmodule..c_asin.txt,74
audioop..audioop_getsample.txt-fpetestmodule..nest2.txt,78
audioop..audioop_getsample.txt-audioop..audioop_tostereo.txt,57
audioop..audioop_getsample.txt-fpectlmodule..sigfpe_handler.txt,82
audioop..audioop_getsample.txt-cmathmodule..c_log10.txt,80
audioop..audioop_getsample.txt-audioop..audioop_adpcm2lin.txt,60
audioop..audioop_getsample.txt-cmathmodule..c_sin.txt,80
audioop..audioop_alaw2lin.txt-fcntlmodule..ins.txt,69
audioop..audioop_alaw2lin.txt-audioop..search.txt,74
audioop..audioop_alaw2lin.txt-fpetestmodule..test.txt,73
audioop..audioop_alaw2lin.txt-audioop..audioop_ratecv.txt,81
audioop..audioop_alaw2lin.txt-audioop..audioop_max.txt,39
audioop..audioop_alaw2lin.txt-audioop..audioop_findfactor.txt,55
audioop..audioop_alaw2lin.txt-audioop..audioop_avgpp.txt,46
audioop..st_14linear2ulaw.txt-cmathmodule..c_prodi.txt,83
audioop..st_14linear2ulaw.txt-audioop..audioop_cross.txt,68
audioop..st_14linear2ulaw.txt-fpectlmodule..fpe_reset.txt,80
audioop..st_14linear2ulaw.txt-audioop..audioop_mul.txt,73
audioop..st_14linear2ulaw.txt-audioop..audioop_lin2alaw.txt,67
audioop..st_14linear2ulaw.txt-fcntlmodule..fcntl_ioctl.txt,82
audioop..st_14linear2ulaw.txt-fcntlmodule..conv_descriptor.txt,70
audioop..st_14linear2ulaw.txt-fcntlmodule..all_ins.txt,86
audioop..st_14linear2ulaw.txt-audioop..audioop_alaw2lin.txt,68
audioop..audioop_rms.txt-fcntlmodule..ins.txt,65
audioop..audioop_rms.txt-audioop..search.txt,68
audioop..audioop_rms.txt-audioop..audioop_reverse.txt,35
audioop..audioop_rms.txt-fpetestmodule..test.txt,76
audioop..audioop_rms.txt-audioop..audioop_ratecv.txt,84
audioop..audioop_rms.txt-audioop..audioop_findfactor.txt,49
audioop..audioop_rms.txt-audioop..audioop_avgpp.txt,46
fcntlmodule..initfcntl.txt-audioop..audioop_lin2lin.txt,82
fcntlmodule..initfcntl.txt-cmathmodule..c_asin.txt,71
fcntlmodule..initfcntl.txt-fpetestmodule..nest2.txt,69
fcntlmodule..initfcntl.txt-audioop..audioop_tostereo.txt,85
fcntlmodule..initfcntl.txt-fpectlmodule..sigfpe_handler.txt,70
fcntlmodule..initfcntl.txt-audioop..audioop_minmax.txt,75
fcntlmodule..initfcntl.txt-cmathmodule..c_log10.txt,71
fcntlmodule..initfcntl.txt-audioop..audioop_adpcm2lin.txt,86
fcntlmodule..initfcntl.txt-cmathmodule..c_sin.txt,70
cmathmodule..c_tan.txt-audioop..audioop_lin2lin.txt,83
cmathmodule..c_tan.txt-cmathmodule..c_asin.txt,47
cmathmodule..c_tan.txt-fpetestmodule..nest2.txt,56
cmathmodule..c_tan.txt-audioop..audioop_tostereo.txt,84
cmathmodule..c_tan.txt-fpectlmodule..sigfpe_handler.txt,69
cmathmodule..c_tan.txt-audioop..audioop_minmax.txt,76
cmathmodule..c_tan.txt-cmathmodule..c_log10.txt,46
cmathmodule..c_tan.txt-audioop..audioop_adpcm2lin.txt,87
cmathmodule..c_tan.txt-cmathmodule..c_sin.txt,42
cmathmodule..c_tan.txt-fcntlmodule..initfcntl.txt,71
cmathmodule..c_tanh.txt-fcntlmodule..ins.txt,64
cmathmodule..c_tanh.txt-audioop..search.txt,63
cmathmodule..c_tanh.txt-audioop..audioop_reverse.txt,81
cmathmodule..c_tanh.txt-fpetestmodule..test.txt,76
cmathmodule..c_tanh.txt-audioop..audioop_ratecv.txt,94
cmathmodule..c_tanh.txt-audioop..audioop_max.txt,75
cmathmodule..c_tanh.txt-audioop..audioop_findfactor.txt,69
cmathmodule..c_tanh.txt-audioop..audioop_avgpp.txt,85
cmathmodule..c_tanh.txt-audioop..audioop_rms.txt,75
cmathmodule..c_acos.txt-cmathmodule..c_prodi.txt,69
cmathmodule..c_acos.txt-audioop..audioop_cross.txt,76
cmathmodule..c_acos.txt-fpectlmodule..fpe_reset.txt,70
cmathmodule..c_acos.txt-audioop..audioop_mul.txt,83
cmathmodule..c_acos.txt-audioop..audioop_lin2alaw.txt,78
cmathmodule..c_acos.txt-fcntlmodule..fcntl_ioctl.txt,87
cmathmodule..c_acos.txt-fcntlmodule..conv_descriptor.txt,65
cmathmodule..c_acos.txt-fcntlmodule..all_ins.txt,91
cmathmodule..c_acos.txt-audioop..audioop_alaw2lin.txt,79
cmathmodule..c_acos.txt-cmathmodule..c_tanh.txt,49
cmathmodule..c_asinh.txt-fcntlmodule..ins.txt,65
cmathmodule..c_asinh.txt-audioop..search.txt,65
cmathmodule..c_asinh.txt-audioop..audioop_reverse.txt,81
cmathmodule..c_asinh.txt-fpetestmodule..test.txt,76
cmathmodule..c_asinh.txt-audioop..audioop_ratecv.txt,94
cmathmodule..c_asinh.txt-audioop..audioop_max.txt,76
cmathmodule..c_asinh.txt-audioop..audioop_findfactor.txt,70
cmathmodule..c_asinh.txt-audioop..audioop_avgpp.txt,85
cmathmodule..c_asinh.txt-audioop..audioop_rms.txt,76
fpetestmodule..initfpetest.txt-audioop..audioop_lin2lin.txt,77
fpetestmodule..initfpetest.txt-cmathmodule..c_asin.txt,72
fpetestmodule..initfpetest.txt-fpetestmodule..nest2.txt,72
fpetestmodule..initfpetest.txt-audioop..audioop_tostereo.txt,80
fpetestmodule..initfpetest.txt-fpectlmodule..sigfpe_handler.txt,76
fpetestmodule..initfpetest.txt-audioop..audioop_minmax.txt,69
fpetestmodule..initfpetest.txt-cmathmodule..c_log10.txt,77
fpetestmodule..initfpetest.txt-audioop..audioop_adpcm2lin.txt,82
fpetestmodule..initfpetest.txt-cmathmodule..c_sin.txt,76
fpetestmodule..initfpetest.txt-fcntlmodule..initfcntl.txt,36
audioop..audioop_ulaw2lin.txt-cmathmodule..c_asin.txt,77
audioop..audioop_ulaw2lin.txt-fpetestmodule..nest2.txt,82
audioop..audioop_ulaw2lin.txt-audioop..audioop_tostereo.txt,44
audioop..audioop_ulaw2lin.txt-fpectlmodule..sigfpe_handler.txt,86
audioop..audioop_ulaw2lin.txt-audioop..audioop_minmax.txt,42
audioop..audioop_ulaw2lin.txt-cmathmodule..c_log10.txt,83
audioop..audioop_ulaw2lin.txt-audioop..audioop_adpcm2lin.txt,47
audioop..audioop_ulaw2lin.txt-cmathmodule..c_sin.txt,83
audioop..audioop_ulaw2lin.txt-fcntlmodule..initfcntl.txt,76
audioop..audioop_ulaw2lin.txt-fpetestmodule..initfpetest.txt,72
audioop..audioop_maxpp.txt-fcntlmodule..ins.txt,77
audioop..audioop_maxpp.txt-audioop..search.txt,81
audioop..audioop_maxpp.txt-audioop..audioop_reverse.txt,35
audioop..audioop_maxpp.txt-fpetestmodule..test.txt,76
audioop..audioop_maxpp.txt-audioop..audioop_ratecv.txt,74
audioop..audioop_maxpp.txt-audioop..audioop_max.txt,43
audioop..audioop_maxpp.txt-audioop..audioop_findfactor.txt,66
audioop..audioop_maxpp.txt-audioop..audioop_rms.txt,45
audioop..audioop_maxpp.txt-cmathmodule..c_asinh.txt,85
audioop..st_linear2alaw.txt-cmathmodule..c_prodi.txt,83
audioop..st_linear2alaw.txt-audioop..audioop_cross.txt,66
audioop..st_linear2alaw.txt-fpectlmodule..fpe_reset.txt,81
audioop..st_linear2alaw.txt-audioop..audioop_mul.txt,71
audioop..st_linear2alaw.txt-audioop..audioop_lin2alaw.txt,65
cmathmodule..math_1.txt-grpmodule..grp_getgrnam.txt,66
cmathmodule..math_1.txt-audioop..audioop_lin2alaw.txt,59
cmathmodule..math_1.txt-fcntlmodule..fcntl_lockf.txt,61
cmathmodule..math_1.txt-cmathmodule..c_log10.txt,80
cmathmodule..math_1.txt-audioop..audioop_findfactor.txt,62
cmathmodule..math_1.txt-fpectlmodule..turnoff_sigfpe.txt,83
cmathmodule..math_1.txt-audioop..audioop_alaw2lin.txt,60
cmathmodule..math_1.txt-cmathmodule..c_tan.txt,76
cmathmodule..math_1.txt-fpetestmodule..initfpetest.txt,73
fpectlmodule..initfpectl.txt-audioop..audioop_lin2lin.txt,77
fpectlmodule..initfpectl.txt-cmathmodule..c_cos.txt,76
fpectlmodule..initfpectl.txt-fpectlmodule..fpe_reset.txt,78
fpectlmodule..initfpectl.txt-cmathmodule..c_log.txt,78
fpectlmodule..initfpectl.txt-fpectlmodule..sigfpe_handler.txt,75
fpectlmodule..initfpectl.txt-audioop..audioop_ratecv.txt,91
fpectlmodule..initfpectl.txt-audioop..audioop_tomono.txt,79
fpectlmodule..initfpectl.txt-fcntlmodule..conv_descriptor.txt,73
fpectlmodule..initfpectl.txt-audioop..audioop_lin2ulaw.txt,71
fpectlmodule..initfpectl.txt-audioop..audioop_rms.txt,70
fpectlmodule..initfpectl.txt-cmathmodule..c_acos.txt,72
fpectlmodule..initfpectl.txt-audioop..audioop_maxpp.txt,79
audioop..audioop_add.txt-grpmodule..grp_getgrgid.txt,77
audioop..audioop_add.txt-cmathmodule..c_asin.txt,86
audioop..audioop_add.txt-audioop..search.txt,84
audioop..audioop_add.txt-cmathmodule..cmath_log.txt,59
audioop..audioop_add.txt-audioop..audioop_mul.txt,30
audioop..audioop_add.txt-grpmodule..initgrp.txt,83
audioop..audioop_add.txt-audioop..audioop_max.txt,55
audioop..audioop_add.txt-audioop.._sum2.txt,86
audioop..audioop_add.txt-fcntlmodule..all_ins.txt,65
audioop..audioop_add.txt-audioop..audioop_getsample.txt,60
audioop..audioop_add.txt-fcntlmodule..initfcntl.txt,86
audioop..audioop_add.txt-cmathmodule..c_asinh.txt,87
audioop..audioop_add.txt-audioop..st_linear2alaw.txt,78
audioop..audioop_avg.txt-grpmodule..grp_getgrgid.txt,62
audioop..audioop_avg.txt-cmathmodule..c_asin.txt,75
audioop..audioop_avg.txt-audioop..search.txt,67
audioop..audioop_avg.txt-cmathmodule..cmath_log.txt,53
audioop..audioop_avg.txt-audioop..audioop_mul.txt,41
audioop..audioop_avg.txt-grpmodule..initgrp.txt,72
audioop..audioop_avg.txt-audioop.._sum2.txt,71
audioop..audioop_avg.txt-fcntlmodule..all_ins.txt,79
audioop..audioop_avg.txt-fcntlmodule..initfcntl.txt,75
audioop..audioop_avg.txt-cmathmodule..c_asinh.txt,76
audioop..audioop_avg.txt-audioop..st_linear2alaw.txt,65
cmathmodule..c_exp.txt-audioop..audioop_lin2lin.txt,88
cmathmodule..c_exp.txt-fcntlmodule..ins.txt,68
cmathmodule..c_exp.txt-fpectlmodule..fpe_reset.txt,58
cmathmodule..c_exp.txt-fpectlmodule..sigfpe_handler.txt,62
cmathmodule..c_exp.txt-audioop..audioop_ratecv.txt,96
cmathmodule..c_exp.txt-audioop..audioop_tomono.txt,89
cmathmodule..c_exp.txt-fcntlmodule..conv_descriptor.txt,58
cmathmodule..c_exp.txt-audioop..audioop_lin2ulaw.txt,83
cmathmodule..c_exp.txt-audioop..audioop_rms.txt,81
cmathmodule..c_exp.txt-cmathmodule..c_acos.txt,47
cmathmodule..c_exp.txt-audioop..audioop_maxpp.txt,88
cmathmodule..c_exp.txt-audioop..audioop_add.txt,90
cmathmodule..c_cosh.txt-cmathmodule..c_prodi.txt,52
cmathmodule..c_cosh.txt-fpetestmodule..db0.txt,64
cmathmodule..c_cosh.txt-fpetestmodule..nest2.txt,57
cmathmodule..c_cosh.txt-audioop..audioop_reverse.txt,85
cmathmodule..c_cosh.txt-grpmodule..grp_getgrnam.txt,76
cmathmodule..c_cosh.txt-audioop..audioop_lin2alaw.txt,83
cmathmodule..c_cosh.txt-fpectlmodule..turnoff_sigfpe.txt,62
cmathmodule..c_cosh.txt-audioop..audioop_alaw2lin.txt,83
cmathmodule..c_cosh.txt-cmathmodule..c_tan.txt,43
cmathmodule..c_cosh.txt-fpetestmodule..initfpetest.txt,76
cmathmodule..c_cosh.txt-cmathmodule..math_1.txt,80
cmathmodule..c_atanh.txt-fcntlmodule..fcntl_fcntl.txt,82
cmathmodule..c_atanh.txt-audioop..audioop_cross.txt,80
cmathmodule..c_atanh.txt-fpetestmodule..test.txt,80
cmathmodule..c_atanh.txt-audioop..gcd.txt,62
cmathmodule..c_atanh.txt-fcntlmodule..fcntl_ioctl.txt,90
cmathmodule..c_atanh.txt-audioop..audioop_findmax.txt,78
cmathmodule..c_atanh.txt-audioop..audioop_adpcm2lin.txt,89
cmathmodule..c_atanh.txt-audioop..audioop_avgpp.txt,88
cmathmodule..c_atanh.txt-audioop..st_14linear2ulaw.txt,73
cmathmodule..c_atanh.txt-cmathmodule..c_tanh.txt,53
cmathmodule..c_atanh.txt-audioop..audioop_ulaw2lin.txt,82
cmathmodule..c_atanh.txt-fpectlmodule..initfpectl.txt,75
fpetestmodule..overflow.txt-fcntlmodule..fcntl_fcntl.txt,92
fpetestmodule..overflow.txt-audioop..audioop_cross.txt,90
fpetestmodule..overflow.txt-cmathmodule..c_atan.txt,69
fpetestmodule..overflow.txt-audioop..audioop_tostereo.txt,94
fpetestmodule..overflow.txt-fpetestmodule..test.txt,89
fpetestmodule..overflow.txt-audioop..gcd.txt,67
fpetestmodule..overflow.txt-fcntlmodule..fcntl_ioctl.txt,95
fpetestmodule..overflow.txt-audioop..audioop_findmax.txt,89
fpetestmodule..overflow.txt-audioop..audioop_avgpp.txt,94
fpetestmodule..overflow.txt-audioop..st_14linear2ulaw.txt,85
fpetestmodule..overflow.txt-cmathmodule..c_tanh.txt,75
fpetestmodule..overflow.txt-audioop..audioop_ulaw2lin.txt,91
fpetestmodule..overflow.txt-fpectlmodule..initfpectl.txt,85
fpetestmodule..overflow.txt-cmathmodule..c_cosh.txt,66
fpectlmodule..turnon_sigfpe.txt-cmathmodule..c_prodi.txt,44
fpectlmodule..turnon_sigfpe.txt-fpetestmodule..db0.txt,50
fpectlmodule..turnon_sigfpe.txt-fpetestmodule..nest2.txt,63
fpectlmodule..turnon_sigfpe.txt-audioop..audioop_reverse.txt,88
fpectlmodule..turnon_sigfpe.txt-grpmodule..grp_getgrnam.txt,81
fpectlmodule..turnon_sigfpe.txt-fcntlmodule..fcntl_lockf.txt,87
fpectlmodule..turnon_sigfpe.txt-cmathmodule..c_log10.txt,63
fpectlmodule..turnon_sigfpe.txt-fpectlmodule..turnoff_sigfpe.txt,39
fpectlmodule..turnon_sigfpe.txt-audioop..audioop_alaw2lin.txt,87
fpectlmodule..turnon_sigfpe.txt-cmathmodule..c_tan.txt,69
fpectlmodule..turnon_sigfpe.txt-cmathmodule..math_1.txt,87
fpectlmodule..turnon_sigfpe.txt-cmathmodule..c_exp.txt,61
audioop..initaudioop.txt-audioop..audioop_lin2lin.txt,75
audioop..initaudioop.txt-fcntlmodule..ins.txt,68
audioop..initaudioop.txt-cmathmodule..c_cos.txt,77
audioop..initaudioop.txt-fpectlmodule..fpe_reset.txt,81
audioop..initaudioop.txt-fpectlmodule..sigfpe_handler.txt,78
audioop..initaudioop.txt-audioop..audioop_ratecv.txt,91
audioop..initaudioop.txt-audioop..audioop_tomono.txt,77
audioop..initaudioop.txt-fcntlmodule..conv_descriptor.txt,74
audioop..initaudioop.txt-cmathmodule..c_sin.txt,77
audioop..initaudioop.txt-cmathmodule..c_acos.txt,74
audioop..initaudioop.txt-audioop..audioop_maxpp.txt,78
audioop..initaudioop.txt-audioop..audioop_add.txt,80
audioop..initaudioop.txt-cmathmodule..c_atanh.txt,76
fcntlmodule..fcntl_flock.txt-grpmodule..grp_getgrgid.txt,52
fcntlmodule..fcntl_flock.txt-cmathmodule..c_asin.txt,65
fcntlmodule..fcntl_flock.txt-audioop..search.txt,57
fcntlmodule..fcntl_flock.txt-audioop..audioop_mul.txt,72
fcntlmodule..fcntl_flock.txt-grpmodule..initgrp.txt,67
fcntlmodule..fcntl_flock.txt-audioop..audioop_minmax.txt,62
fcntlmodule..fcntl_flock.txt-audioop..audioop_max.txt,62
fcntlmodule..fcntl_flock.txt-fcntlmodule..all_ins.txt,87
fcntlmodule..fcntl_flock.txt-audioop..audioop_getsample.txt,58
fcntlmodule..fcntl_flock.txt-fcntlmodule..initfcntl.txt,63
fcntlmodule..fcntl_flock.txt-cmathmodule..c_asinh.txt,64
fcntlmodule..fcntl_flock.txt-audioop..st_linear2alaw.txt,64
fcntlmodule..fcntl_flock.txt-fpetestmodule..overflow.txt,82
cmathmodule..math_error.txt-grpmodule..grp_getgrgid.txt,65
cmathmodule..math_error.txt-audioop..search.txt,62
cmathmodule..math_error.txt-cmathmodule..cmath_log.txt,78
cmathmodule..math_error.txt-audioop..audioop_mul.txt,82
cmathmodule..math_error.txt-grpmodule..initgrp.txt,67
cmathmodule..math_error.txt-audioop..audioop_max.txt,75
cmathmodule..math_error.txt-audioop.._sum2.txt,65
cmathmodule..math_error.txt-fcntlmodule..all_ins.txt,91
cmathmodule..math_error.txt-audioop..audioop_getsample.txt,73
cmathmodule..math_error.txt-fcntlmodule..initfcntl.txt,70
cmathmodule..math_error.txt-cmathmodule..c_asinh.txt,65
cmathmodule..math_error.txt-audioop..st_linear2alaw.txt,68
cmathmodule..math_error.txt-audioop..audioop_avg.txt,75
cmathmodule..math_error.txt-fpetestmodule..overflow.txt,74
cmathmodule..c_acosh.txt-audioop..audioop_lin2lin.txt,84
cmathmodule..c_acosh.txt-cmathmodule..c_cos.txt,45
cmathmodule..c_acosh.txt-fpectlmodule..fpe_reset.txt,71
cmathmodule..c_acosh.txt-fpectlmodule..sigfpe_handler.txt,69
cmathmodule..c_acosh.txt-audioop..audioop_ratecv.txt,94
cmathmodule..c_acosh.txt-audioop..audioop_tomono.txt,85
cmathmodule..c_acosh.txt-fcntlmodule..conv_descriptor.txt,66
cmathmodule..c_acosh.txt-audioop..audioop_lin2ulaw.txt,78
cmathmodule..c_acosh.txt-cmathmodule..c_sin.txt,46
cmathmodule..c_acosh.txt-audioop..audioop_rms.txt,76
cmathmodule..c_acosh.txt-fcntlmodule..fcntl_flock.txt,64
fpetestmodule..printerr.txt-cmathmodule..c_prodi.txt,69
fpetestmodule..printerr.txt-fpetestmodule..db0.txt,68
fpetestmodule..printerr.txt-fpetestmodule..nest2.txt,60
fpetestmodule..printerr.txt-grpmodule..grp_getgrnam.txt,76
fpetestmodule..printerr.txt-audioop..audioop_lin2alaw.txt,82
fpetestmodule..printerr.txt-fcntlmodule..fcntl_lockf.txt,84
fpetestmodule..printerr.txt-cmathmodule..c_log10.txt,65
fpetestmodule..printerr.txt-audioop..audioop_findfactor.txt,76
fpetestmodule..printerr.txt-fpectlmodule..turnoff_sigfpe.txt,55
fpetestmodule..printerr.txt-fpetestmodule..initfpetest.txt,71
fpetestmodule..printerr.txt-cmathmodule..c_exp.txt,63
fpetestmodule..printerr.txt-fpectlmodule..turnon_sigfpe.txt,66
fpetestmodule..printerr.txt-cmathmodule..c_acosh.txt,65
audioop..audioop_findfit.txt-audioop..audioop_cross.txt,50
audioop..audioop_findfit.txt-audioop..audioop_tostereo.txt,56
audioop..audioop_findfit.txt-audioop..gcd.txt,84
audioop..audioop_findfit.txt-audioop..audioop_adpcm2lin.txt,58
audioop..audioop_findfit.txt-audioop..audioop_avgpp.txt,54
audioop..audioop_findfit.txt-audioop..st_14linear2ulaw.txt,73
audioop..audioop_findfit.txt-audioop..audioop_ulaw2lin.txt,50
audioop..audioop_findfit.txt-audioop..initaudioop.txt,73
audioop..audioop_findfit.txt-fpetestmodule..printerr.txt,84
audioop..audioop_bias.txt-audioop..audioop_tostereo.txt,35
audioop..audioop_bias.txt-fpetestmodule..test.txt,72
audioop..audioop_bias.txt-audioop..gcd.txt,84
audioop..audioop_bias.txt-fcntlmodule..fcntl_ioctl.txt,64
audioop..audioop_bias.txt-audioop..audioop_adpcm2lin.txt,42
audioop..audioop_bias.txt-audioop..st_14linear2ulaw.txt,71
audioop..audioop_bias.txt-cmathmodule..c_tanh.txt,80
audioop..audioop_bias.txt-cmathmodule..c_cosh.txt,85
audioop..audioop_bias.txt-fpetestmodule..printerr.txt,84
cmathmodule..initcmath.txt-cmathmodule..c_prodi.txt,82
cmathmodule..initcmath.txt-fpetestmodule..db0.txt,84
cmathmodule..initcmath.txt-fpetestmodule..nest2.txt,72
cmathmodule..initcmath.txt-audioop..audioop_reverse.txt,76
cmathmodule..initcmath.txt-audioop..audioop_lin2alaw.txt,72
cmathmodule..initcmath.txt-fcntlmodule..fcntl_lockf.txt,73
cmathmodule..initcmath.txt-audioop..audioop_findfactor.txt,67
cmathmodule..initcmath.txt-fpectlmodule..turnoff_sigfpe.txt,72
cmathmodule..initcmath.txt-audioop..audioop_alaw2lin.txt,73
cmathmodule..initcmath.txt-cmathmodule..c_tan.txt,68
cmathmodule..initcmath.txt-cmathmodule..math_1.txt,73
cmathmodule..initcmath.txt-fpectlmodule..turnon_sigfpe.txt,78
grpmodule..mkgrent.txt-audioop..audioop_lin2lin.txt,64
grpmodule..mkgrent.txt-cmathmodule..c_cos.txt,91
grpmodule..mkgrent.txt-fpectlmodule..fpe_reset.txt,93
grpmodule..mkgrent.txt-fpectlmodule..sigfpe_handler.txt,92
grpmodule..mkgrent.txt-audioop..audioop_tomono.txt,63
grpmodule..mkgrent.txt-audioop..audioop_lin2ulaw.txt,70
grpmodule..mkgrent.txt-cmathmodule..c_sin.txt,91
grpmodule..mkgrent.txt-audioop..audioop_rms.txt,71
grpmodule..mkgrent.txt-audioop..audioop_maxpp.txt,63
grpmodule..mkgrent.txt-cmathmodule..c_atanh.txt,90
grpmodule..mkgrent.txt-audioop..audioop_findfit.txt,70
fpetestmodule..nest1.txt-grpmodule..grp_getgrgid.txt,71
fpetestmodule..nest1.txt-cmathmodule..c_asin.txt,68
fpetestmodule..nest1.txt-audioop..search.txt,53
fpetestmodule..nest1.txt-audioop..audioop_mul.txt,86
fpetestmodule..nest1.txt-grpmodule..initgrp.txt,72
fpetestmodule..nest1.txt-audioop..audioop_minmax.txt,80
fpetestmodule..nest1.txt-audioop..audioop_max.txt,79
fpetestmodule..nest1.txt-fcntlmodule..all_ins.txt,94
fpetestmodule..nest1.txt-fcntlmodule..initfcntl.txt,69
fpetestmodule..nest1.txt-cmathmodule..c_asinh.txt,66
fpetestmodule..nest1.txt-audioop..st_linear2alaw.txt,70
fpetestmodule..nest1.txt-audioop..audioop_avg.txt,79
fpetestmodule..nest1.txt-cmathmodule..math_error.txt,59
fpetestmodule..nest1.txt-audioop..audioop_bias.txt,84
cmathmodule..c_sqrt.txt-grpmodule..grp_getgrgid.txt,64
cmathmodule..c_sqrt.txt-cmathmodule..c_asin.txt,56
cmathmodule..c_sqrt.txt-cmathmodule..cmath_log.txt,71
cmathmodule..c_sqrt.txt-grpmodule..initgrp.txt,72
cmathmodule..c_sqrt.txt-audioop..audioop_max.txt,68
cmathmodule..c_sqrt.txt-audioop.._sum2.txt,59
cmathmodule..c_sqrt.txt-fcntlmodule..all_ins.txt,89
cmathmodule..c_sqrt.txt-fcntlmodule..initfcntl.txt,71
cmathmodule..c_sqrt.txt-cmathmodule..c_asinh.txt,56
cmathmodule..c_sqrt.txt-audioop..st_linear2alaw.txt,63
cmathmodule..c_sqrt.txt-fpetestmodule..overflow.txt,79
cmathmodule..c_sqrt.txt-cmathmodule..math_error.txt,62
cmathmodule..c_sinh.txt-audioop..audioop_lin2lin.txt,87
cmathmodule..c_sinh.txt-fcntlmodule..ins.txt,67
cmathmodule..c_sinh.txt-fpectlmodule..sigfpe_handler.txt,62
cmathmodule..c_sinh.txt-audioop..audioop_ratecv.txt,96
cmathmodule..c_sinh.txt-audioop..audioop_tomono.txt,88
cmathmodule..c_sinh.txt-fcntlmodule..conv_descriptor.txt,60
cmathmodule..c_sinh.txt-audioop..audioop_lin2ulaw.txt,82
cmathmodule..c_sinh.txt-audioop..audioop_rms.txt,80
cmathmodule..c_sinh.txt-cmathmodule..c_acos.txt,44
cmathmodule..c_sinh.txt-audioop..audioop_ulaw2lin.txt,83
cmathmodule..c_sinh.txt-audioop..audioop_add.txt,90
cmathmodule..c_sinh.txt-fpetestmodule..overflow.txt,66
cmathmodule..c_sinh.txt-fcntlmodule..fcntl_flock.txt,68
cmathmodule..c_sinh.txt-audioop..audioop_findfit.txt,83
cmathmodule..c_sinh.txt-fpetestmodule..nest1.txt,58
audioop..audioop_lin2adpcm.txt-cmathmodule..c_prodi.txt,94
audioop..audioop_lin2adpcm.txt-fpetestmodule..db0.txt,95
audioop..audioop_lin2adpcm.txt-fpetestmodule..nest2.txt,90
audioop..audioop_lin2adpcm.txt-audioop..audioop_reverse.txt,46
audioop..audioop_lin2adpcm.txt-fpectlmodule..sigfpe_handler.txt,92
audioop..audioop_lin2adpcm.txt-audioop..audioop_lin2alaw.txt,52
audioop..audioop_lin2adpcm.txt-fcntlmodule..fcntl_lockf.txt,65
audioop..audioop_lin2adpcm.txt-cmathmodule..c_log10.txt,90
audioop..audioop_lin2adpcm.txt-audioop..audioop_findfactor.txt,72
audioop..audioop_lin2adpcm.txt-fpectlmodule..turnoff_sigfpe.txt,89
audioop..audioop_lin2adpcm.txt-audioop..audioop_alaw2lin.txt,54
audioop..audioop_lin2adpcm.txt-cmathmodule..c_tan.txt,88
audioop..audioop_lin2adpcm.txt-fpetestmodule..initfpetest.txt,82
audioop..audioop_lin2adpcm.txt-audioop..st_linear2alaw.txt,80
audioop..audioop_lin2adpcm.txt-cmathmodule..c_exp.txt,91
audioop..audioop_lin2adpcm.txt-fpectlmodule..turnon_sigfpe.txt,93
audioop..audioop_lin2adpcm.txt-fpetestmodule..printerr.txt,90
audioop..audioop_lin2adpcm.txt-cmathmodule..c_sinh.txt,90
grpmodule..grp_getgrall.txt-fcntlmodule..fcntl_fcntl.txt,62
grpmodule..grp_getgrall.txt-cmathmodule..c_atan.txt,82
grpmodule..grp_getgrall.txt-audioop..audioop_tostereo.txt,62
grpmodule..grp_getgrall.txt-fpetestmodule..test.txt,73
grpmodule..grp_getgrall.txt-fcntlmodule..fcntl_ioctl.txt,71
grpmodule..grp_getgrall.txt-audioop..audioop_findmax.txt,60
grpmodule..grp_getgrall.txt-audioop..audioop_adpcm2lin.txt,62
grpmodule..grp_getgrall.txt-audioop..st_14linear2ulaw.txt,73
grpmodule..grp_getgrall.txt-cmathmodule..c_tanh.txt,77
grpmodule..grp_getgrall.txt-fpectlmodule..initfpectl.txt,72
grpmodule..grp_getgrall.txt-audioop..initaudioop.txt,70
grpmodule..grp_getgrall.txt-fpetestmodule..printerr.txt,82
grpmodule..grp_getgrall.txt-grpmodule..mkgrent.txt,58
grpmodule..grp_getgrall.txt-audioop..audioop_lin2adpcm.txt,65
fpetestmodule..nest3.txt-audioop..audioop_cross.txt,90
fpetestmodule..nest3.txt-audioop..audioop_tostereo.txt,94
fpetestmodule..nest3.txt-audioop..gcd.txt,65
fpetestmodule..nest3.txt-fcntlmodule..fcntl_ioctl.txt,96
fpetestmodule..nest3.txt-audioop..audioop_findmax.txt,89
fpetestmodule..nest3.txt-audioop..audioop_adpcm2lin.txt,95
fpetestmodule..nest3.txt-fpectlmodule..turnoff_sigfpe.txt,66
fpetestmodule..nest3.txt-audioop..st_14linear2ulaw.txt,85
fpetestmodule..nest3.txt-cmathmodule..c_tanh.txt,73
fpetestmodule..nest3.txt-audioop..audioop_ulaw2lin.txt,91
fpetestmodule..nest3.txt-fpectlmodule..initfpectl.txt,84
fpetestmodule..nest3.txt-audioop..initaudioop.txt,86
fpetestmodule..nest3.txt-fpetestmodule..printerr.txt,66
fpetestmodule..nest3.txt-grpmodule..mkgrent.txt,95
fpetestmodule..nest3.txt-audioop..audioop_lin2adpcm.txt,95
audioop..audioop_alaw2lin.txt-audioop..audioop_reverse.txt,19
audioop..audioop_rms.txt-audioop..audioop_max.txt,12
audioop..audioop_maxpp.txt-audioop..audioop_avgpp.txt,6
audioop..audioop_avg.txt-audioop..audioop_minmax.txt,15
audioop..audioop_avg.txt-audioop..audioop_max.txt,8
cmathmodule..c_acosh.txt-cmathmodule..c_atanh.txt,35
audioop..audioop_bias.txt-audioop..audioop_ulaw2lin.txt,19
audioop..audioop_mul.txt-audioop..audioop_reverse.txt,19
audioop..audioop_lin2alaw.txt-audioop..audioop_reverse.txt,19
audioop..audioop_tomono.txt-audioop..audioop_mul.txt,17
audioop..audioop_lin2ulaw.txt-audioop..audioop_lin2lin.txt,31
audioop..audioop_lin2ulaw.txt-audioop..audioop_minmax.txt,33
audioop..audioop_getsample.txt-audioop..audioop_minmax.txt,35
audioop..audioop_ulaw2lin.txt-audioop..audioop_lin2lin.txt,30
audioop..audioop_avg.txt-audioop..audioop_getsample.txt,32
cmathmodule..c_exp.txt-cmathmodule..c_cos.txt,16
cmathmodule..c_exp.txt-cmathmodule..c_log.txt,32
cmathmodule..c_exp.txt-cmathmodule..c_sin.txt,15
cmathmodule..c_cosh.txt-cmathmodule..c_log10.txt,26
cmathmodule..c_cosh.txt-cmathmodule..c_exp.txt,17
cmathmodule..c_atanh.txt-cmathmodule..c_atan.txt,1
cmathmodule..c_atanh.txt-cmathmodule..c_cosh.txt,34
cmathmodule..c_acosh.txt-cmathmodule..c_acos.txt,16
audioop..audioop_findfit.txt-audioop..audioop_findmax.txt,33
cmathmodule..c_sinh.txt-cmathmodule..c_cos.txt,6
cmathmodule..c_sinh.txt-cmathmodule..c_log.txt,33
cmathmodule..c_sinh.txt-cmathmodule..c_sin.txt,5
