
outfuncs.._outcreatestmt.txt-outfuncs.._outlimit.txt,52,0,No Clone
list..list_concat_unique.txt-readfuncs.._readsortgroupclause.txt,79,1,No Clone
readfuncs.._readtargetentry.txt-outfuncs.._outlimit.txt,84,2,No Clone
readfuncs.._readrangevar.txt-outfuncs.._outlimit.txt,80,3,No Clone
outfuncs.._outsortgroupclause.txt-outfuncs.._outcasetestexpr.txt,47,4,No Clone
readfuncs.._readquery.txt-list..list_concat_unique_ptr.txt,89,5,No Clone
readfuncs.._readquery.txt-readfuncs.._readfuncexpr.txt,62
pqformat..pq_copymsgbytes.txt-readfuncs.._readquery.txt,84
list..list_delete.txt-outfuncs.._outlimit.txt,71
outfuncs.._outrowexpr.txt-readfuncs.._readjoinexpr.txt,78
pqformat..pq_sendcountedtext.txt-list..lappend_int.txt,68
readfuncs.._readnullifexpr.txt-pqformat..pq_sendcountedtext.txt,74
list..list_delete_first.txt-outfuncs.._outcasetestexpr.txt,66
outfuncs.._outnulltest.txt-outfuncs.._outsortgroupclause.txt,44
outfuncs.._outcasewhen.txt-readfuncs.._readminmaxexpr.txt,77
pqformat..pq_sendbyte.txt-outfuncs.._outlimit.txt,59
outfuncs.._outfromexpr.txt-outfuncs.._outdefelem.txt,36
outfuncs.._outbooleantest.txt-outfuncs.._outdefelem.txt,38
pqformat..pq_sendfloat4.txt-readfuncs.._readminmaxexpr.txt,80
list..list_nth.txt-readfuncs.._readjoinexpr.txt,88
outfuncs.._outappendrelinfo.txt-list..list_delete_first.txt,68
outfuncs.._outnestloop.txt-pqformat..pq_sendbyte.txt,58
value..makefloat.txt-list..list_nth.txt,72
readfuncs.._readfieldstore.txt-value..makefloat.txt,56
outfuncs.._outindexscan.txt-outfuncs.._outbitmapheapscan.txt,44
pqformat..pq_endmessage.txt-outfuncs.._outinhrelation.txt,57
list..new_head_cell.txt-value..makefloat.txt,66
outfuncs.._outvar.txt-list..list_nth.txt,75
readfuncs.._readrowcompareexpr.txt-pqformat..pq_sendbyte.txt,80
value..makeinteger.txt-list..list_delete_first.txt,63
outfuncs.._outnode.txt-outfuncs.._outtypecast.txt,99
list..lcons_oid.txt-readfuncs.._readminmaxexpr.txt,82
list..lcons_oid.txt-outfuncs.._outcaseexpr.txt,67
list..list_member.txt-outfuncs.._outdefelem.txt,71
list..list_member.txt-readfuncs.._readquery.txt,89
list..lcons_int.txt-outfuncs.._outdefelem.txt,66
outfuncs.._outconst.txt-outfuncs.._outlimit.txt,59
outfuncs.._outconst.txt-outfuncs.._outrangetblref.txt,73
outfuncs.._outconst.txt-list..lcons_oid.txt,74
outfuncs.._outcolumndef.txt-readfuncs.._readsortgroupclause.txt,73
outfuncs.._outcolumndef.txt-value..makefloat.txt,68
outfuncs.._outcolumndef.txt-value..makeinteger.txt,69
outfuncs.._outmergepath.txt-list..list_delete_first.txt,68
outfuncs.._outmergepath.txt-list..list_nth.txt,71
outfuncs.._outaconst.txt-readfuncs.._readminmaxexpr.txt,82
outfuncs.._outaconst.txt-outfuncs.._outcaseexpr.txt,46
pqformat..pq_sendstring.txt-list..list_union_oid.txt,64
pqformat..pq_sendstring.txt-outfuncs.._outsortgroupclause.txt,62
list..add_new_cell.txt-readfuncs.._readsortgroupclause.txt,82
list..add_new_cell.txt-outfuncs.._outcasetestexpr.txt,64
list..add_new_cell.txt-value..makeinteger.txt,62
list..add_new_cell.txt-pqformat..pq_sendstring.txt,64
list..lappend_cell_int.txt-pqformat..pq_sendbyte.txt,66
list..lappend_cell_int.txt-outfuncs.._outinhrelation.txt,63
list..list_concat_unique_oid.txt-readfuncs.._readquery.txt,88
list..list_concat_unique_oid.txt-pqformat..pq_sendcountedtext.txt,67
pqformat..pq_puttextmessage.txt-list..lappend_int.txt,68
pqformat..pq_puttextmessage.txt-outfuncs.._outdefelem.txt,63
pqformat..pq_puttextmessage.txt-list..list_concat_unique_oid.txt,67
outfuncs.._outcoerceviaio.txt-outfuncs.._outlimit.txt,39
outfuncs.._outcoerceviaio.txt-list..lcons_oid.txt,63
outfuncs.._outpathkey.txt-readfuncs.._readjoinexpr.txt,79
outfuncs.._outpathkey.txt-outfuncs.._outtypecast.txt,36
readfuncs..readdatum.txt-list..list_union_oid.txt,82
readfuncs..readdatum.txt-outfuncs.._outsortgroupclause.txt,86
readfuncs..readdatum.txt-outfuncs.._outpathkey.txt,86
list..lappend_cell_oid.txt-outfuncs.._outlimit.txt,69
list..lappend_cell_oid.txt-outfuncs.._outinhrelation.txt,64
list..lappend_cell_oid.txt-list..lcons_oid.txt,46
list..lappend.txt-readfuncs.._readwindowfunc.txt,87
list..lappend.txt-pqformat..pq_sendcountedtext.txt,70
outfuncs.._outdatum.txt-outfuncs.._outcasetestexpr.txt,77
outfuncs.._outdatum.txt-list..lappend_int.txt,81
outfuncs.._outdatum.txt-pqformat..pq_sendstring.txt,67
list..list_union_int.txt-outfuncs.._outcasewhen.txt,68
list..list_union_int.txt-pqformat..pq_sendbyte.txt,65
outfuncs.._outplaninfo.txt-list..list_union_oid.txt,72
outfuncs.._outplaninfo.txt-outfuncs.._outdefelem.txt,55
outfuncs.._outplaninfo.txt-list..list_concat_unique_oid.txt,74
outfuncs.._outwindowagg.txt-outfuncs.._outbitmapheapscan.txt,81
outfuncs.._outwindowagg.txt-outfuncs.._outtypecast.txt,76
outfuncs.._outwindowagg.txt-outfuncs.._outsubqueryscan.txt,77
readfuncs.._readcoerceviaio.txt-list..lappend_cell_int.txt,85
list..list_difference_ptr.txt-readfuncs.._readsortgroupclause.txt,74
list..list_difference_ptr.txt-list..list_delete_first.txt,51
list..list_difference_ptr.txt-value..makeinteger.txt,62
list..lappend_cell.txt-outfuncs.._outcasetestexpr.txt,61
list..lappend_cell.txt-readfuncs.._readwindowfunc.txt,89
list..lappend_cell.txt-outfuncs.._outcolumndef.txt,82
readfuncs.._readsettodefault.txt-outfuncs.._outlimit.txt,75
readfuncs.._readsettodefault.txt-list..list_delete.txt,70
readfuncs.._readsettodefault.txt-list..lcons_oid.txt,80
outfuncs.._outfieldstore.txt-readfuncs.._readsortgroupclause.txt,79
outfuncs.._outfieldstore.txt-readfuncs.._readwindowfunc.txt,81
outfuncs.._outfieldstore.txt-list..new_head_cell.txt,65
outfuncs.._outresult.txt-readfuncs.._readsortgroupclause.txt,83
outfuncs.._outresult.txt-outfuncs.._outsortgroupclause.txt,47
outfuncs.._outresult.txt-value..makeinteger.txt,71
outfuncs.._outresult.txt-outfuncs.._outplaninfo.txt,68
outfuncs.._outlockingclause.txt-readfuncs.._readminmaxexpr.txt,75
outfuncs.._outlockingclause.txt-pqformat..pq_sendbyte.txt,57
outfuncs.._outwindowdef.txt-outfuncs.._outbitmapheapscan.txt,54
outfuncs.._outwindowdef.txt-outfuncs.._outcasetestexpr.txt,57
outfuncs.._outwindowdef.txt-outfuncs.._outsubqueryscan.txt,44
outfuncs.._outwindowdef.txt-outfuncs.._outcolumndef.txt,42
readfuncs.._readcasewhen.txt-outfuncs.._outdefelem.txt,71
readfuncs.._readcasewhen.txt-readfuncs.._readquery.txt,76
readfuncs.._readcasewhen.txt-outfuncs.._outplaninfo.txt,76
readfuncs.._readcasewhen.txt-outfuncs.._outfieldstore.txt,71
pqformat..pq_sendbytes.txt-pqformat..pq_sendbyte.txt,50
pqformat..pq_sendbytes.txt-pqformat..pq_sendfloat4.txt,48
outfuncs.._outa_arrayexpr.txt-outfuncs.._outcolumndef.txt,66
outfuncs.._outa_arrayexpr.txt-pqformat..pq_sendstring.txt,62
outfuncs.._outcommontableexpr.txt-outfuncs.._outgroup.txt,56
outfuncs.._outcommontableexpr.txt-readfuncs.._readwindowfunc.txt,76
outfuncs.._outcommontableexpr.txt-list..list_difference_ptr.txt,71
outfuncs.._outcommontableexpr.txt-outfuncs.._outa_arrayexpr.txt,66
readfuncs.._readsetoperationstmt.txt-outfuncs.._outcasewhen.txt,81
readfuncs.._readsetoperationstmt.txt-outfuncs.._outinhrelation.txt,81
pqformat..pq_getmsgstring.txt-readfuncs.._readsortgroupclause.txt,69
pqformat..pq_getmsgstring.txt-list..list_union_oid.txt,67
pqformat..pq_getmsgstring.txt-list..new_head_cell.txt,76
pqformat..pq_getmsgstring.txt-outfuncs.._outpathkey.txt,68
outfuncs.._outtargetentry.txt-list..list_union_oid.txt,70
outfuncs.._outtargetentry.txt-readfuncs.._readjoinexpr.txt,77
outfuncs.._outtargetentry.txt-list..list_concat_unique_oid.txt,70
outfuncs.._outtargetentry.txt-pqformat..pq_getmsgstring.txt,70
readfuncs.._readarrayref.txt-outfuncs.._outinhrelation.txt,84
readfuncs.._readarrayref.txt-readfuncs.._readsettodefault.txt,43
pqformat..pq_begintypsend.txt-list..lappend_int.txt,79
pqformat..pq_begintypsend.txt-list..list_delete_first.txt,76
pqformat..pq_begintypsend.txt-list..list_concat_unique_oid.txt,71
pqformat..pq_getmsgend.txt-outfuncs.._outbitmapheapscan.txt,71
pqformat..pq_getmsgend.txt-readfuncs.._readquery.txt,87
pqformat..pq_getmsgend.txt-value..makefloat.txt,72
pqformat..pq_getmsgend.txt-outfuncs.._outwindowdef.txt,76
outfuncs.._outagg.txt-outfuncs.._outcreatestmt.txt,57
outfuncs.._outagg.txt-pqformat..pq_sendbyte.txt,74
outfuncs.._outagg.txt-list..lcons_oid.txt,78
outfuncs.._outplannerglobal.txt-readfuncs.._readsortgroupclause.txt,73
outfuncs.._outplannerglobal.txt-list..list_union_oid.txt,70
outfuncs.._outplannerglobal.txt-value..makeinteger.txt,72
outfuncs.._outplannerglobal.txt-list..list_concat_unique_oid.txt,71
pqformat..pq_sendint.txt-list..list_union_oid.txt,72
pqformat..pq_sendint.txt-outfuncs.._outsortgroupclause.txt,77
pqformat..pq_sendint.txt-outfuncs.._outpathkey.txt,76
pqformat..pq_sendint.txt-outfuncs.._outplaninfo.txt,73
outfuncs.._outplannedstmt.txt-readfuncs.._readminmaxexpr.txt,72
outfuncs.._outplannedstmt.txt-pqformat..pq_endtypsend.txt,86
outfuncs.._outplannedstmt.txt-outfuncs.._outlockingclause.txt,70
outfuncs.._outsettodefault.txt-pqformat..pq_sendcountedtext.txt,66
outfuncs.._outsettodefault.txt-list..list_delete_first.txt,68
outfuncs.._outsettodefault.txt-pqformat..pq_getmsgstring.txt,75
outfuncs.._outsettodefault.txt-outfuncs.._outplannerglobal.txt,67
list..lappend_oid.txt-outfuncs.._outtypecast.txt,63
list..lappend_oid.txt-value..makefloat.txt,67
list..lappend_oid.txt-outfuncs.._outplannerglobal.txt,78
list..list_intersection.txt-outfuncs.._outlimit.txt,72
list..list_intersection.txt-pqformat..pq_sendfloat4.txt,75
list..list_intersection.txt-list..lcons_oid.txt,69
list..list_member_oid.txt-outfuncs.._outbitmapheapscan.txt,72
list..list_member_oid.txt-list..lappend_int.txt,57
list..list_member_oid.txt-value..makefloat.txt,65
outfuncs.._outrecursiveunion.txt-outfuncs.._outvaluesscan.txt,69
outfuncs.._outrecursiveunion.txt-outfuncs.._outdefelem.txt,60
outfuncs.._outrecursiveunion.txt-outfuncs.._outsubqueryscan.txt,64
outfuncs.._outrecursiveunion.txt-outfuncs.._outplaninfo.txt,55
pqformat..pq_getmsgfloat4.txt-list..list_copy.txt,82
pqformat..pq_getmsgfloat4.txt-readfuncs.._readminmaxexpr.txt,86
pqformat..pq_getmsgfloat4.txt-pqformat..pq_endmessage.txt,56
pqformat..pq_getmsgfloat4.txt-outfuncs.._outlockingclause.txt,70
outfuncs.._outrangefunction.txt-readfuncs.._readsortgroupclause.txt,80
outfuncs.._outrangefunction.txt-readfuncs.._readjoinexpr.txt,80
outfuncs.._outrangefunction.txt-list..new_head_cell.txt,64
outfuncs.._outrangefunction.txt-pqformat..pq_getmsgstring.txt,71
outfuncs.._outspecialjoininfo.txt-readfuncs.._readsortgroupclause.txt,74
outfuncs.._outspecialjoininfo.txt-list..list_delete_first.txt,75
outfuncs.._outspecialjoininfo.txt-list..new_head_cell.txt,76
outfuncs.._outspecialjoininfo.txt-outfuncs.._outplannerglobal.txt,47
outfuncs.._outworktablescan.txt-list..list_copy.txt,79
outfuncs.._outworktablescan.txt-pqformat..pq_sendbyte.txt,61
outfuncs.._outworktablescan.txt-pqformat..pq_endmessage.txt,64
outfuncs.._outworktablescan.txt-list..list_intersection.txt,77
outfuncs.._outa_star.txt-outfuncs.._outvaluesscan.txt,45
outfuncs.._outa_star.txt-list..list_nth.txt,52
outfuncs.._outa_star.txt-outfuncs.._outsubqueryscan.txt,56
outfuncs.._outa_star.txt-outfuncs.._outrangefunction.txt,61
readfuncs.._readarrayexpr.txt-outfuncs.._outbitmapheapscan.txt,83
readfuncs.._readarrayexpr.txt-value..makefloat.txt,62
readfuncs.._readarrayexpr.txt-outfuncs.._outrangefunction.txt,79
readfuncs.._readarrayexpr.txt-outfuncs.._outa_star.txt,89
outfuncs.._outwithclause.txt-pqformat..pq_sendfloat4.txt,59
outfuncs.._outwithclause.txt-list..list_intersection.txt,69
pqformat..pq_getmsgbytes.txt-outfuncs.._outbitmapheapscan.txt,72
pqformat..pq_getmsgbytes.txt-outfuncs.._outtypecast.txt,71
pqformat..pq_getmsgbytes.txt-outfuncs.._outsubqueryscan.txt,70
pqformat..pq_getmsgbytes.txt-outfuncs.._outplannerglobal.txt,70
outfuncs.._outsubplan.txt-outfuncs.._outbitmapheapscan.txt,76
outfuncs.._outsubplan.txt-pqformat..pq_sendcountedtext.txt,70
outfuncs.._outsubplan.txt-outfuncs.._outsubqueryscan.txt,70
outfuncs.._outsubplan.txt-pqformat..pq_getmsgstring.txt,73
outfuncs.._outsubplan.txt-pqformat..pq_getmsgbytes.txt,73
outfuncs.._outlist.txt-pqformat..pq_endtypsend.txt,86
outfuncs.._outlist.txt-outfuncs.._outinhrelation.txt,79
outfuncs.._outlist.txt-outfuncs.._outlockingclause.txt,73
outfuncs.._outlist.txt-outfuncs.._outwithclause.txt,75
outfuncs.._outunique.txt-outfuncs.._outsortgroupclause.txt,59
outfuncs.._outunique.txt-value..makefloat.txt,69
outfuncs.._outunique.txt-outfuncs.._outplaninfo.txt,57
outfuncs.._outunique.txt-outfuncs.._outa_star.txt,78
value..makestring.txt-list..list_union_oid.txt,66
value..makestring.txt-list..list_nth.txt,72
value..makestring.txt-list..list_concat_unique_oid.txt,67
value..makestring.txt-outfuncs.._outrangefunction.txt,70
outfuncs.._outrowmarkclause.txt-outfuncs.._outcreatestmt.txt,56
outfuncs.._outrowmarkclause.txt-pqformat..pq_sendbyte.txt,64
outfuncs.._outrowmarkclause.txt-list..lcons_oid.txt,70
outfuncs.._outrowmarkclause.txt-list..list_intersection.txt,67
outfuncs.._outbitmapheappath.txt-outfuncs.._outbitmapheapscan.txt,35
outfuncs.._outbitmapheappath.txt-list..list_delete_first.txt,67
outfuncs.._outbitmapheappath.txt-value..makefloat.txt,71
outfuncs.._outbitmapheappath.txt-outfuncs.._outplannerglobal.txt,57
outfuncs.._outbitmapheappath.txt-outfuncs.._outrangefunction.txt,43
outfuncs.._outcoercetodomainvalue.txt-readfuncs.._readjoinexpr.txt,83
outfuncs.._outcoercetodomainvalue.txt-list..list_delete_first.txt,71
outfuncs.._outcoercetodomainvalue.txt-pqformat..pq_getmsgstring.txt,76
outfuncs.._outcoercetodomainvalue.txt-pqformat..pq_begintypsend.txt,77
pqformat..pq_getmsgbyte.txt-readfuncs.._readminmaxexpr.txt,68
pqformat..pq_getmsgbyte.txt-readfuncs.._readsettodefault.txt,67
pqformat..pq_getmsgbyte.txt-outfuncs.._outlockingclause.txt,65
list..list_free_private.txt-list..list_union_oid.txt,45
list..list_free_private.txt-outfuncs.._outdefelem.txt,67
list..list_free_private.txt-list..list_concat_unique_oid.txt,42
list..list_free_private.txt-outfuncs.._outplaninfo.txt,71
list..list_append_unique_int.txt-readfuncs.._readsortgroupclause.txt,82
list..list_append_unique_int.txt-list..lappend_int.txt,43
list..list_append_unique_int.txt-list..new_head_cell.txt,54
list..list_append_unique_int.txt-list..list_concat_unique_oid.txt,47
list..list_append_unique_int.txt-pqformat..pq_getmsgbytes.txt,67
list..list_difference.txt-outfuncs.._outlimit.txt,71
list..list_difference.txt-outfuncs.._outcasewhen.txt,72
list..list_difference.txt-list..lcons_oid.txt,66
list..list_difference.txt-outfuncs.._outagg.txt,61
list..list_difference.txt-pqformat..pq_getmsgbyte.txt,63
outfuncs.._outplan.txt-outfuncs.._outgroup.txt,75
outfuncs.._outplan.txt-value..makefloat.txt,76
outfuncs.._outplan.txt-list..list_difference_ptr.txt,78
outfuncs.._outequivalencemember.txt-outfuncs.._outcasetestexpr.txt,58
outfuncs.._outequivalencemember.txt-list..list_delete_first.txt,68
outfuncs.._outequivalencemember.txt-outfuncs.._outcolumndef.txt,41
outfuncs.._outequivalencemember.txt-outfuncs.._outplannerglobal.txt,52
outfuncs.._outequivalencemember.txt-list..list_free_private.txt,65
pqformat..pq_putemptymessage.txt-readfuncs.._readminmaxexpr.txt,84
pqformat..pq_putemptymessage.txt-pqformat..pq_sendfloat4.txt,46
pqformat..pq_putemptymessage.txt-outfuncs.._outlockingclause.txt,69
pqformat..pq_putemptymessage.txt-list..list_intersection.txt,79
list..list_free_deep.txt-list..list_union_oid.txt,75
list..list_free_deep.txt-readfuncs.._readquery.txt,95
list..list_free_deep.txt-outfuncs.._outfieldstore.txt,72
outfuncs.._outhashjoin.txt-pqformat..pq_sendbyte.txt,60
readfuncs.._readopexpr.txt-list..new_head_cell.txt,86
readfuncs.._readcaseexpr.txt-list..list_delete.txt,73
readfuncs.._readcaseexpr.txt-outfuncs.._outwithclause.txt,78
outfuncs.._outappend.txt-pqformat..pq_getmsgstring.txt,69
outfuncs.._outdeclarecursorstmt.txt-list..list_delete_first.txt,70
outfuncs.._outdeclarecursorstmt.txt-outfuncs.._outappend.txt,51
outfuncs.._outindexstmt.txt-list..lappend_cell_int.txt,85
outfuncs.._outindexstmt.txt-pqformat..pq_putemptymessage.txt,84
list..list_append_unique_ptr.txt-outfuncs.._outtypecast.txt,69
list..list_append_unique_ptr.txt-outfuncs.._outa_arrayexpr.txt,65
list..list_append_unique_ptr.txt-outfuncs.._outplannerglobal.txt,75
list..list_delete_int.txt-outfuncs.._outcasetestexpr.txt,73
list..list_delete_int.txt-pqformat..pq_sendstring.txt,63
list..list_delete_int.txt-list..list_concat_unique_oid.txt,47
list..list_delete_int.txt-list..list_free_deep.txt,74
outfuncs.._outvalue.txt-outfuncs.._outcasewhen.txt,79
outfuncs.._outvalue.txt-pqformat..pq_sendbyte.txt,83
outfuncs.._outvalue.txt-outfuncs.._outagg.txt,66
outfuncs.._outvalue.txt-list..list_intersection.txt,73
readfuncs.._readrangetblentry.txt-list..lappend_int.txt,96
readfuncs.._readrangetblentry.txt-outfuncs.._outdefelem.txt,93
readfuncs.._readrangetblentry.txt-pqformat..pq_sendstring.txt,92
readfuncs.._readrangetblentry.txt-outfuncs.._outplaninfo.txt,89
readfuncs.._readrangetblentry.txt-outfuncs.._outplan.txt,96
readfuncs.._readdistinctexpr.txt-outfuncs.._outbitmapheapscan.txt,85
readfuncs.._readdistinctexpr.txt-pqformat..pq_sendcountedtext.txt,74
readfuncs.._readdistinctexpr.txt-outfuncs.._outsubqueryscan.txt,83
readfuncs.._readdistinctexpr.txt-pqformat..pq_getmsgstring.txt,70
readfuncs.._readdistinctexpr.txt-pqformat..pq_getmsgbytes.txt,72
readfuncs.._readvar.txt-outfuncs.._outcreatestmt.txt,78
readfuncs.._readvar.txt-readfuncs.._readminmaxexpr.txt,46
readfuncs.._readvar.txt-list..lcons_oid.txt,89
readfuncs.._readvar.txt-outfuncs.._outlockingclause.txt,83
readfuncs.._readvar.txt-outfuncs.._outrowmarkclause.txt,81
outfuncs.._outarrayref.txt-readfuncs.._readsortgroupclause.txt,76
outfuncs.._outarrayref.txt-readfuncs.._readquery.txt,86
outfuncs.._outarrayref.txt-value..makeinteger.txt,72
outfuncs.._outarrayref.txt-outfuncs.._outfieldstore.txt,39
outfuncs.._outarrayref.txt-outfuncs.._outbitmapheappath.txt,51
outfuncs.._outseqscan.txt-readfuncs.._readwindowfunc.txt,90
outfuncs.._outseqscan.txt-value..makefloat.txt,77
outfuncs.._outseqscan.txt-outfuncs.._outa_arrayexpr.txt,41
outfuncs.._outseqscan.txt-outfuncs.._outrangefunction.txt,55
readfuncs.._readboolexpr.txt-outfuncs.._outlimit.txt,80
readfuncs.._readboolexpr.txt-readfuncs.._readrangevar.txt,34
readfuncs.._readboolexpr.txt-list..lcons_oid.txt,84
readfuncs.._readboolexpr.txt-pqformat..pq_getmsgbyte.txt,71
readfuncs.._readboolexpr.txt-outfuncs.._outhashjoin.txt,83
outfuncs.._outdistinctexpr.txt-readfuncs.._readwindowfunc.txt,80
outfuncs.._outdistinctexpr.txt-pqformat..pq_sendcountedtext.txt,65
outfuncs.._outdistinctexpr.txt-outfuncs.._outa_arrayexpr.txt,48
outfuncs.._outdistinctexpr.txt-pqformat..pq_getmsgstring.txt,68
outfuncs.._outconstraint.txt-readfuncs.._readsortgroupclause.txt,72
outfuncs.._outconstraint.txt-list..new_head_cell.txt,90
outfuncs.._outconstraint.txt-value..makeinteger.txt,83
outfuncs.._outconstraint.txt-pqformat..pq_getmsgbytes.txt,79
outfuncs.._outconstraint.txt-outfuncs.._outbitmapheappath.txt,82
readfuncs.._readcoercetodomainvalue.txt-list..lappend_cell_oid.txt,84
readfuncs.._readcoercetodomainvalue.txt-outfuncs.._outlockingclause.txt,73
outfuncs.._outmaterialpath.txt-pqformat..pq_sendcountedtext.txt,68
outfuncs.._outmaterialpath.txt-pqformat..pq_getmsgstring.txt,74
outfuncs.._outmaterialpath.txt-pqformat..pq_getmsgbytes.txt,72
readfuncs.._readcurrentofexpr.txt-outfuncs.._outvaluesscan.txt,80
readfuncs.._readcurrentofexpr.txt-outfuncs.._outdefelem.txt,75
readfuncs.._readcurrentofexpr.txt-outfuncs.._outsubqueryscan.txt,78
readfuncs.._readcurrentofexpr.txt-outfuncs.._outplaninfo.txt,72
readfuncs.._readcurrentofexpr.txt-outfuncs.._outa_star.txt,86
readfuncs.._readcurrentofexpr.txt-readfuncs.._readrangetblentry.txt,81
outfuncs.._outxmlexpr.txt-readfuncs.._readtargetentry.txt,76
outfuncs.._outxmlexpr.txt-pqformat..pq_sendbyte.txt,71
outfuncs.._outxmlexpr.txt-list..lappend_cell_int.txt,79
outfuncs.._outxmlexpr.txt-list..list_intersection.txt,77
outfuncs.._outxmlexpr.txt-pqformat..pq_putemptymessage.txt,77
outfuncs.._outplaceholderinfo.txt-outfuncs.._outcasetestexpr.txt,55
outfuncs.._outplaceholderinfo.txt-readfuncs.._readquery.txt,88
outfuncs.._outplaceholderinfo.txt-pqformat..pq_sendstring.txt,63
outfuncs.._outplaceholderinfo.txt-outfuncs.._outfieldstore.txt,36
list..list_difference_int.txt-readfuncs.._readwindowfunc.txt,76
list..list_difference_int.txt-outfuncs.._outtypecast.txt,72
outfuncs.._outpathinfo.txt-outfuncs.._outwithclause.txt,46
outfuncs.._outnullifexpr.txt-outfuncs.._outappend.txt,40
outfuncs.._outminmaxexpr.txt-outfuncs.._outsortgroupclause.txt,36
outfuncs.._outminmaxexpr.txt-outfuncs.._outplaninfo.txt,59
outfuncs.._outminmaxexpr.txt-list..list_append_unique_ptr.txt,67
outfuncs.._outequivalenceclass.txt-outfuncs.._outinhrelation.txt,74
outfuncs.._outequivalenceclass.txt-outfuncs.._outwithclause.txt,68
outfuncs.._outbitmapset.txt-list..lappend_int.txt,68
outfuncs.._outbitmapset.txt-list..list_concat_unique_oid.txt,66
outfuncs.._outbitmapset.txt-outfuncs.._outrelabeltype.txt,51
readfuncs.._readconst.txt-outfuncs.._outbitmapheapscan.txt,84
readfuncs.._readconst.txt-readfuncs.._readquery.txt,62
readfuncs.._readconst.txt-outfuncs.._outwindowdef.txt,76
readfuncs.._readconst.txt-outfuncs.._outmaterialpath.txt,84
outfuncs.._outpath.txt-pqformat..pq_sendbyte.txt,57
outfuncs.._outpath.txt-list..list_intersection.txt,80
outfuncs.._outplaninvalitem.txt-readfuncs.._readsortgroupclause.txt,78
outfuncs.._outplaninvalitem.txt-value..makeinteger.txt,74
outfuncs.._outxmlserialize.txt-list..list_concat_unique_oid.txt,69
outfuncs.._outxmlserialize.txt-outfuncs.._outappend.txt,39
outfuncs.._outparam.txt-readfuncs.._readcaseexpr.txt,79
outfuncs.._outsortby.txt-list..list_delete_first.txt,66
outfuncs.._outsortby.txt-list..list_append_unique_ptr.txt,71
outfuncs.._outfkconstraint.txt-outfuncs.._outgroup.txt,55
pqformat..pq_getmsgfloat8.txt-list..lcons_oid.txt,58
outfuncs.._outmergejoin.txt-list..lappend_int.txt,82
outfuncs.._outmergejoin.txt-list..list_concat_unique_oid.txt,67
outfuncs.._outa_indirection.txt-list..list_difference_ptr.txt,73
outfuncs.._outa_indirection.txt-readfuncs.._readrangetblentry.txt,94
list..list_nth_oid.txt-outfuncs.._outsortgroupclause.txt,69
list..list_nth_oid.txt-outfuncs.._outplannerglobal.txt,82
list..list_nth_oid.txt-list..list_append_unique_ptr.txt,50
outfuncs.._outaexpr.txt-readfuncs.._readbooleantest.txt,85
outfuncs.._outaexpr.txt-pqformat..pq_getmsgfloat8.txt,94
outfuncs.._outresultpath.txt-list..list_concat_unique_oid.txt,69
outfuncs.._outjoinexpr.txt-value..makefloat.txt,69
outfuncs.._outjoinexpr.txt-outfuncs.._outa_star.txt,78
list..list_truncate.txt-outfuncs.._outbitmapheapscan.txt,76
list..length.txt-outfuncs.._outbitmapset.txt,72
outfuncs.._outplaceholdervar.txt-list..list_delete.txt,73
outfuncs.._outplaceholdervar.txt-outfuncs.._outwithclause.txt,32
outfuncs.._outplaceholdervar.txt-outfuncs.._outhashpath.txt,36
outfuncs.._outwindowfunc.txt-value..makefloat.txt,70
list..list_delete_cell.txt-list..lappend_int.txt,55
list..list_delete_cell.txt-pqformat..pq_sendstring.txt,62
list..list_delete_ptr.txt-pqformat..pq_endmessage.txt,71
list..list_delete_ptr.txt-outfuncs.._outwithclause.txt,68
outfuncs.._outcoercetodomain.txt-readfuncs.._readquery.txt,89
outfuncs.._outcoercetodomain.txt-outfuncs.._outarrayref.txt,46
outfuncs.._outintoclause.txt-readfuncs.._readtargetentry.txt,79
outfuncs.._outintoclause.txt-list..lappend_cell_int.txt,75
outfuncs.._outintoclause.txt-pqformat..pq_putemptymessage.txt,71
outfuncs.._outscaninfo.txt-outfuncs.._outdefelem.txt,55
readfuncs.._readparam.txt-list..lappend_int.txt,83
readfuncs.._readparam.txt-list..list_concat_unique_oid.txt,75
readfuncs.._readparam.txt-outfuncs.._outrelabeltype.txt,77
readfuncs.._readcoalesceexpr.txt-outfuncs.._outintoclause.txt,72
list..list_member_ptr.txt-outfuncs.._outplaceholderinfo.txt,70
readfuncs.._readbitmapset.txt-readfuncs.._readrangevar.txt,67
readfuncs.._readbitmapset.txt-outfuncs.._outcoerceviaio.txt,85
outfuncs.._outsetop.txt-value..makefloat.txt,72
outfuncs.._outsetop.txt-outfuncs.._outrangefunction.txt,68
list..list_nth_cell.txt-readfuncs.._readquery.txt,90
list..list_nth_cell.txt-outfuncs.._outfieldstore.txt,72
list..list_nth_cell.txt-outfuncs.._outarrayref.txt,74
outfuncs.._outfunccall.txt-list..list_intersection.txt,68
outfuncs.._outfunccall.txt-pqformat..pq_getmsgfloat8.txt,81
outfuncs.._outfunccall.txt-outfuncs.._outplaceholdervar.txt,56
readfuncs.._readcoercetodomain.txt-readfuncs.._readquery.txt,68
pqformat..pq_sendtext.txt-outfuncs.._outscaninfo.txt,61
outfuncs.._outscan.txt-outfuncs.._outhashpath.txt,48
outfuncs.._outhash.txt-list..list_free_deep.txt,72
outfuncs.._outsublink.txt-outfuncs.._outappend.txt,41
readfuncs.._readalias.txt-outfuncs.._outwithclause.txt,72
outfuncs.._outrangevar.txt-outfuncs.._outresultpath.txt,56
list..list_append_unique_oid.txt-outfuncs.._outbitmapheapscan.txt,66
list..list_append_unique_oid.txt-outfuncs.._outsortgroupclause.txt,65
list..list_append_unique_oid.txt-outfuncs.._outsubqueryscan.txt,69
list..list_append_unique_oid.txt-outfuncs.._outplaninfo.txt,76
list..list_append_unique_oid.txt-pqformat..pq_getmsgbytes.txt,68
list..new_list.txt-readfuncs.._readminmaxexpr.txt,72
list..new_list.txt-readfuncs.._readcoercetodomainvalue.txt,70
outfuncs.._outrangetblentry.txt-value..makeinteger.txt,88
outfuncs.._outfunctionscan.txt-list..lcons_oid.txt,69
list..list_length.txt-outfuncs.._outcolumndef.txt,86
list..list_length.txt-outfuncs.._outscalararrayopexpr.txt,90
readfuncs.._readcasetestexpr.txt-outfuncs.._outbitmapheappath.txt,73
readfuncs.._readcasetestexpr.txt-outfuncs.._outscalararrayopexpr.txt,71
outfuncs.._outplannerinfo.txt-outfuncs.._outbitmapheapscan.txt,88
outfuncs.._outplannerinfo.txt-pqformat..pq_getmsgbytes.txt,82
outfuncs.._outbitmapand.txt-list..list_concat_unique_oid.txt,68
outfuncs.._outbitmapandpath.txt-pqformat..pq_begintypsend.txt,75
pqformat..pq_getmsgint.txt-value..makefloat.txt,71
pqformat..pq_getmsgint.txt-outfuncs.._outa_arrayexpr.txt,81
pqformat..pq_getmsgint.txt-outfuncs.._outrangefunction.txt,78
pqformat..pq_getmsgint.txt-outfuncs.._outplaceholderinfo.txt,75
pqformat..pq_getmsgint.txt-outfuncs.._outmergejoin.txt,70
outfuncs.._outarrayexpr.txt-list..list_union_oid.txt,70
outfuncs.._outarrayexpr.txt-outfuncs.._outalternativesubplan.txt,57
readfuncs.._readfromexpr.txt-outfuncs.._outplaninfo.txt,76
readfuncs.._readfromexpr.txt-list..list_append_unique_ptr.txt,72
pqformat..pq_sendfloat8.txt-outfuncs.._outlockingclause.txt,69
outfuncs.._outsort.txt-readfuncs.._readquery.txt,81
outfuncs.._outsort.txt-outfuncs.._outwindowdef.txt,65
readfuncs.._readnotifystmt.txt-list..list_union_oid.txt,66
list..list_free.txt-list..list_copy.txt,83
outfuncs.._outindexpath.txt-outfuncs.._outplaninvalitem.txt,60
list..list_delete_oid.txt-outfuncs.._outvaluesscan.txt,73
outfuncs.._outreloptinfo.txt-pqformat..pq_sendfloat4.txt,86
outfuncs.._outreloptinfo.txt-readfuncs.._readcoercetodomainvalue.txt,76
outfuncs.._outreloptinfo.txt-outfuncs.._outparam.txt,77
outfuncs.._outreloptinfo.txt-readfuncs.._readsublink.txt,74
outfuncs.._outreloptinfo.txt-readfuncs.._readwindowclause.txt,78
readfuncs.._readfieldselect.txt-outfuncs.._outtypecast.txt,78
readfuncs.._readfieldselect.txt-pqformat..pq_getmsgstring.txt,66
readfuncs.._readfieldselect.txt-outfuncs.._outplannerglobal.txt,72
readfuncs.._readfieldselect.txt-outfuncs.._outnullifexpr.txt,74
readfuncs.._readfieldselect.txt-outfuncs.._outbitmapset.txt,73
readfuncs.._readfieldselect.txt-outfuncs.._outarrayexpr.txt,75
list..list_nth_int.txt-pqformat..pq_sendcountedtext.txt,73
list..list_nth_int.txt-list..list_delete_first.txt,55
list..list_nth_int.txt-pqformat..pq_getmsgstring.txt,78
list..list_nth_int.txt-outfuncs.._outplannerglobal.txt,82
list..list_nth_int.txt-outfuncs.._outplaceholderinfo.txt,74
list..list_nth_int.txt-outfuncs.._outplaninvalitem.txt,73
list..list_nth_int.txt-outfuncs.._outplannerinfo.txt,93
list..list_nth_int.txt-outfuncs.._outtypename.txt,80
readfuncs.._readrelabeltype.txt-pqformat..pq_endtypsend.txt,84
readfuncs.._readrelabeltype.txt-pqformat..pq_sendbyte.txt,81
readfuncs.._readrelabeltype.txt-outfuncs.._outlockingclause.txt,76
readfuncs.._readrelabeltype.txt-list..list_intersection.txt,70
readfuncs.._readrelabeltype.txt-readfuncs.._readboolexpr.txt,37
outfuncs.._outappendpath.txt-list..list_nth.txt,59
list..new_tail_cell.txt-outfuncs.._outindexpath.txt,74
outfuncs.._outnestpath.txt-list..list_delete_first.txt,68
outfuncs.._outnestpath.txt-outfuncs.._outsubqueryscan.txt,50
outfuncs.._outwindowclause.txt-outfuncs.._outinhrelation.txt,54
outfuncs.._outwindowclause.txt-outfuncs.._outhashpath.txt,54
outfuncs.._outjoinplaninfo.txt-list..list_union_oid.txt,69
outfuncs.._outjoinplaninfo.txt-outfuncs.._outalternativesubplan.txt,37
readfuncs.._readxmlexpr.txt-outfuncs.._outscalararrayopexpr.txt,80
outfuncs.._outindexelem.txt-pqformat..pq_sendfloat4.txt,64
outfuncs.._outindexelem.txt-outfuncs.._outlockingclause.txt,50
outfuncs.._outindexelem.txt-list..list_intersection.txt,72
outfuncs.._outindexelem.txt-readfuncs.._readcoercetodomainvalue.txt,72
outfuncs.._outindexelem.txt-outfuncs.._outparam.txt,33
outfuncs.._outindexelem.txt-readfuncs.._readsublink.txt,73
outfuncs.._outindexelem.txt-readfuncs.._readwindowclause.txt,78
pqformat..pq_getmsgint64.txt-outfuncs.._outdefelem.txt,65
pqformat..pq_getmsgint64.txt-readfuncs.._readquery.txt,91
pqformat..pq_getmsgint64.txt-outfuncs.._outplaninfo.txt,75
pqformat..pq_getmsgint64.txt-outfuncs.._outfieldstore.txt,64
pqformat..pq_getmsgint64.txt-readfuncs.._readrangetblentry.txt,94
pqformat..pq_getmsgint64.txt-outfuncs.._outarrayref.txt,71
pqformat..pq_getmsgint64.txt-outfuncs.._outrangevar.txt,68
outfuncs.._outtoken.txt-outfuncs.._outcasetestexpr.txt,89
outfuncs.._outtoken.txt-list..lappend_int.txt,90
outfuncs.._outtoken.txt-outfuncs.._outcolumndef.txt,74
outfuncs.._outtoken.txt-list..list_concat_unique_oid.txt,82
outfuncs.._outtoken.txt-list..list_free_private.txt,83
outfuncs.._outtoken.txt-outfuncs.._outrelabeltype.txt,84
outfuncs.._outtoken.txt-outfuncs.._outscalararrayopexpr.txt,82
outfuncs.._outtoken.txt-readfuncs.._readcoercetodomain.txt,75
outfuncs.._outtoken.txt-outfuncs.._outjoinplaninfo.txt,88
readfuncs.._readdeclarecursorstmt.txt-outfuncs.._outlimit.txt,75
readfuncs.._readdeclarecursorstmt.txt-pqformat..pq_sendbyte.txt,77
readfuncs.._readdeclarecursorstmt.txt-list..lcons_oid.txt,79
readfuncs.._readdeclarecursorstmt.txt-outfuncs.._outplannedstmt.txt,72
readfuncs.._readdeclarecursorstmt.txt-pqformat..pq_getmsgbyte.txt,67
readfuncs.._readdeclarecursorstmt.txt-outfuncs.._outpath.txt,84
readfuncs.._readdeclarecursorstmt.txt-outfuncs.._outintoclause.txt,72
readfuncs.._readdeclarecursorstmt.txt-pqformat..pq_sendfloat8.txt,85
list..list_concat_unique_int.txt-outfuncs.._outplaninfo.txt,74
pqformat..pq_sendint64.txt-pqformat..pq_begintypsend.txt,67
pqformat..pq_sendint64.txt-outfuncs.._outopexpr.txt,61
outfuncs.._outindexoptinfo.txt-readfuncs.._readtargetentry.txt,76
outfuncs.._outindexoptinfo.txt-pqformat..pq_sendbyte.txt,68
outfuncs.._outindexoptinfo.txt-list..lappend_cell_int.txt,80
outfuncs.._outindexoptinfo.txt-list..list_intersection.txt,72
outfuncs.._outindexoptinfo.txt-pqformat..pq_putemptymessage.txt,78
outfuncs.._outindexoptinfo.txt-pqformat..pq_getmsgfloat8.txt,80
outfuncs.._outindexoptinfo.txt-readfuncs.._readcoalesceexpr.txt,71
outfuncs.._outindexoptinfo.txt-outfuncs.._outrestrictinfo.txt,60
outfuncs.._outindexoptinfo.txt-outfuncs.._outindexelem.txt,43
outfuncs..nodetostring.txt-readfuncs.._readquery.txt,93
outfuncs..nodetostring.txt-outfuncs.._outtypecast.txt,58
outfuncs..nodetostring.txt-outfuncs.._outwindowdef.txt,67
outfuncs..nodetostring.txt-outfuncs.._outplannerglobal.txt,76
outfuncs..nodetostring.txt-outfuncs.._outmaterialpath.txt,63
outfuncs..nodetostring.txt-outfuncs.._outbitmapset.txt,66
outfuncs..nodetostring.txt-outfuncs.._outplannerinfo.txt,90
outfuncs..nodetostring.txt-outfuncs.._outarrayexpr.txt,67
outfuncs.._outbitmaporpath.txt-list..lappend_int.txt,64
outfuncs.._outbitmaporpath.txt-list..list_union_oid.txt,69
outfuncs.._outbitmaporpath.txt-list..list_concat_unique_oid.txt,68
outfuncs.._outbitmaporpath.txt-list..list_free_deep.txt,67
outfuncs.._outbitmaporpath.txt-outfuncs.._outrelabeltype.txt,41
outfuncs.._outbitmaporpath.txt-outfuncs.._outalternativesubplan.txt,40
outfuncs.._outbitmaporpath.txt-readfuncs.._readcoercetodomain.txt,80
outfuncs.._outbitmaporpath.txt-pqformat..pq_getmsgint64.txt,66
outfuncs.._outbitmaporpath.txt-outfuncs..nodetostring.txt,62
outfuncs.._outquery.txt-outfuncs.._outcasewhen.txt,88
outfuncs.._outquery.txt-outfuncs.._outinhrelation.txt,89
outfuncs.._outquery.txt-outfuncs.._outagg.txt,77
outfuncs.._outquery.txt-outfuncs.._outwithclause.txt,87
outfuncs.._outquery.txt-outfuncs.._outequivalenceclass.txt,69
outfuncs.._outquery.txt-outfuncs.._outhashpath.txt,88
outfuncs.._outquery.txt-outfuncs.._outalias.txt,90
outfuncs.._outquery.txt-outfuncs.._outinnerindexscaninfo.txt,82
list..list_copy_tail.txt-list..lappend_int.txt,80
list..list_copy_tail.txt-readfuncs.._readjoinexpr.txt,70
list..list_copy_tail.txt-pqformat..pq_sendstring.txt,75
list..list_copy_tail.txt-pqformat..pq_getmsgstring.txt,69
list..list_copy_tail.txt-outfuncs.._outplan.txt,87
list..list_copy_tail.txt-outfuncs.._outnullifexpr.txt,77
list..list_copy_tail.txt-outfuncs.._outarrayexpr.txt,78
list..list_copy_tail.txt-outfuncs.._outopexpr.txt,77
pqformat..pq_send_ascii_string.txt-list..list_union_oid.txt,57
pqformat..pq_send_ascii_string.txt-pqformat..pq_sendcountedtext.txt,58
pqformat..pq_send_ascii_string.txt-outfuncs.._outpathkey.txt,62
pqformat..pq_send_ascii_string.txt-pqformat..pq_getmsgstring.txt,63
pqformat..pq_send_ascii_string.txt-outfuncs.._outappend.txt,63
pqformat..pq_send_ascii_string.txt-outfuncs.._outplaceholderinfo.txt,68
pqformat..pq_send_ascii_string.txt-outfuncs.._outhash.txt,68
pqformat..pq_send_ascii_string.txt-outfuncs.._outplannerinfo.txt,83
pqformat..pq_send_ascii_string.txt-list..list_copy_tail.txt,68
outfuncs.._outfieldselect.txt-outfuncs.._outcreatestmt.txt,49
outfuncs.._outfieldselect.txt-list..lcons_oid.txt,63
outfuncs.._outfieldselect.txt-outfuncs.._outwithclause.txt,30
outfuncs.._outfieldselect.txt-outfuncs.._outrowmarkclause.txt,51
outfuncs.._outfieldselect.txt-outfuncs.._outinnerindexscaninfo.txt,44
outfuncs.._outnotifystmt.txt-readfuncs.._readquery.txt,93
outfuncs.._outnotifystmt.txt-readfuncs.._readwindowfunc.txt,88
outfuncs.._outnotifystmt.txt-outfuncs.._outfieldstore.txt,51
outfuncs.._outnotifystmt.txt-outfuncs.._outarrayref.txt,66
outfuncs.._outnotifystmt.txt-outfuncs.._outplaceholderinfo.txt,60
outfuncs.._outnotifystmt.txt-outfuncs.._outrangevar.txt,62
outfuncs.._outnotifystmt.txt-outfuncs.._outbitmapandpath.txt,41
outfuncs.._outconvertrowtypeexpr.txt-outfuncs.._outbitmapheapscan.txt,44
outfuncs.._outconvertrowtypeexpr.txt-outfuncs.._outcasetestexpr.txt,40
outfuncs.._outconvertrowtypeexpr.txt-value..makefloat.txt,73
outfuncs.._outconvertrowtypeexpr.txt-pqformat..pq_sendstring.txt,64
outfuncs.._outconvertrowtypeexpr.txt-outfuncs.._outrangefunction.txt,36
outfuncs.._outconvertrowtypeexpr.txt-list..list_free_deep.txt,70
outfuncs.._outconvertrowtypeexpr.txt-outfuncs.._outmergejoin.txt,69
outfuncs.._outcurrentofexpr.txt-readfuncs.._readbooleantest.txt,75
outfuncs.._outcurrentofexpr.txt-readfuncs.._readminmaxexpr.txt,79
outfuncs.._outcurrentofexpr.txt-list..lappend_cell_oid.txt,66
outfuncs.._outcurrentofexpr.txt-outfuncs.._outlockingclause.txt,47
outfuncs.._outcurrentofexpr.txt-readfuncs.._readcaseexpr.txt,81
outfuncs.._outcurrentofexpr.txt-readfuncs.._readcoercetodomainvalue.txt,78
outfuncs.._outcurrentofexpr.txt-outfuncs.._outfunccall.txt,63
outfuncs.._outcurrentofexpr.txt-readfuncs.._readsublink.txt,80
outfuncs.._outcurrentofexpr.txt-value..makebitstring.txt,75
readfuncs.._readconvertrowtypeexpr.txt-outfuncs.._outopexpr.txt,73
outfuncs.._outsetoperationstmt.txt-outfuncs.._outa_indirection.txt,56
outfuncs.._outarraycoerceexpr.txt-list..lappend_cell_int.txt,78
readfuncs.._readscalararrayopexpr.txt-outfuncs.._outa_arrayexpr.txt,82
readfuncs.._readscalararrayopexpr.txt-outfuncs.._outbitmapandpath.txt,82
outfuncs.._outrowcompareexpr.txt-outfuncs.._outarrayexpr.txt,38
list..list_append_unique.txt-outfuncs.._outaexpr.txt,92
outfuncs.._outscaninfo.txt-outfuncs.._outa_star.txt,33
readfuncs.._readwindowfunc.txt-readfuncs.._readaggref.txt,3
outfuncs.._outindexscan.txt-outfuncs.._outsubqueryscan.txt,31
list..lcons_int.txt-list..lappend_int.txt,10
readfuncs.._readcoerceviaio.txt-readfuncs.._readminmaxexpr.txt,26
outfuncs.._outa_arrayexpr.txt-outfuncs.._outcasetestexpr.txt,22
outfuncs.._outmaterialpath.txt-outfuncs.._outbitmapheapscan.txt,18
outfuncs.._outmaterialpath.txt-outfuncs.._outsubqueryscan.txt,31
outfuncs.._outhashpath.txt-outfuncs.._outlimit.txt,24
list..list_append_unique_oid.txt-list..list_append_unique_ptr.txt,4
outfuncs.._outrangesubselect.txt-outfuncs.._outa_arrayexpr.txt,24
outfuncs.._outfunctionscan.txt-outfuncs.._outlimit.txt,39
outfuncs.._outfunctionscan.txt-outfuncs.._outintoclause.txt,29
outfuncs.._outbitmapand.txt-outfuncs.._outalternativesubplan.txt,27
outfuncs.._outalias.txt-outfuncs.._outinhrelation.txt,18
outfuncs.._outtidpath.txt-outfuncs.._outbitmapheapscan.txt,16
outfuncs.._outappendpath.txt-outfuncs.._outa_indirection.txt,24
outfuncs.._outbitmapor.txt-outfuncs.._outa_indirection.txt,26
outfuncs.._outbitmapor.txt-outfuncs.._outresultpath.txt,14
outfuncs.._outsubqueryscan.txt-outfuncs.._outbitmapheapscan.txt,29
outfuncs.._outwithclause.txt-outfuncs.._outinhrelation.txt,33
readfuncs.._readcoercetodomainvalue.txt-readfuncs.._readminmaxexpr.txt,23
outfuncs.._outresultpath.txt-outfuncs.._outrangefunction.txt,37
outfuncs.._outalternativesubplan.txt-outfuncs.._outresultpath.txt,27
pqformat..pq_sendtext.txt-pqformat..pq_sendstring.txt,17
readfuncs.._readsublink.txt-readfuncs.._readminmaxexpr.txt,22
outfuncs.._outindexpath.txt-outfuncs.._outtypename.txt,38
outfuncs.._outtidpath.txt-outfuncs.._outrangefunction.txt,38
outfuncs.._outjoinplaninfo.txt-outfuncs.._outresultpath.txt,29
outfuncs.._outjoinplaninfo.txt-outfuncs.._outappendpath.txt,30
readfuncs.._readxmlexpr.txt-readfuncs.._readjoinexpr.txt,22
outfuncs.._outfieldselect.txt-outfuncs.._outinhrelation.txt,33
readfuncs.._readscalararrayopexpr.txt-readfuncs.._readwindowfunc.txt,29
list..list_union_ptr.txt-list..list_intersection.txt,38
outfuncs.._outtidscan.txt-outfuncs.._outcasetestexpr.txt,34
outfuncs.._outcoerceviaio.txt-outfuncs.._outinhrelation.txt,32
readfuncs.._readcoerceviaio.txt-readfuncs.._readtargetentry.txt,38
readfuncs.._readarrayref.txt-readfuncs.._readminmaxexpr.txt,34
list..list_member_oid.txt-list..list_concat_unique_oid.txt,36
outfuncs.._outplan.txt-outfuncs.._outa_star.txt,19
list..list_delete_int.txt-list..list_union_oid.txt,40
outfuncs.._outseqscan.txt-outfuncs.._outbitmapheapscan.txt,39
readfuncs.._readcoercetodomainvalue.txt-readfuncs.._readbooleantest.txt,28
readfuncs.._readcoercetodomainvalue.txt-readfuncs.._readcaseexpr.txt,29
readfuncs.._readcoalesceexpr.txt-readfuncs.._readbooleantest.txt,29
outfuncs.._outfunccall.txt-outfuncs.._outrowmarkclause.txt,32
readfuncs.._readalias.txt-readfuncs.._readcoalesceexpr.txt,25
outfuncs.._outcoalesceexpr.txt-outfuncs.._outcasetestexpr.txt,30
readfuncs.._readrangetblref.txt-readfuncs.._readcoercetodomainvalue.txt,38
outfuncs.._outrangevar.txt-outfuncs.._outdefelem.txt,36
readfuncs.._readfieldselect.txt-readfuncs.._readjoinexpr.txt,37
outfuncs.._outparamref.txt-outfuncs.._outresultpath.txt,32
outfuncs.._outfieldselect.txt-outfuncs.._outhashpath.txt,34
outfuncs.._outfieldselect.txt-outfuncs.._outplaceholdervar.txt,23
outfuncs.._outnotifystmt.txt-outfuncs.._outa_arrayexpr.txt,32
readfuncs.._readconvertrowtypeexpr.txt-readfuncs.._readsortgroupclause.txt,27
