
mod_file_cache..mmap_handler.txt-http_core..set_keep_alive_timeout.txt,87,0,No Clone
mod_file_cache..mmap_handler.txt-http_core..ap_process_http_async_connection.txt,74,1,No Clone
mod_cache..add_cache_disable.txt-http_core..set_keep_alive_timeout.txt,51,2,No Clone
mod_cache..add_cache_disable.txt-http_core..ap_process_http_async_connection.txt,73,3,No Clone
mod_cache..add_cache_disable.txt-mod_file_cache..mmap_handler.txt,81,4,No Clone
mod_file_cache..sendfile_handler.txt-mod_cache..set_cache_store_nostore.txt,88,5,No Clone
mod_file_cache..sendfile_handler.txt-mod_cache..cache_out_filter.txt,76,6,No Clone
mod_cache..cache_remove_url_filter.txt-http_core..ap_process_http_async_connection.txt,72,7,No Clone
mod_cache..cache_remove_url_filter.txt-mod_file_cache..mmap_handler.txt,83,8,No Clone
mod_cache..cache_remove_url_filter.txt-mod_file_cache..sendfile_handler.txt,83,9,No Clone
mod_cache..add_ignore_session_id.txt-mod_cache..set_cache_store_nostore.txt,60,10,No Clone
mod_cache..add_ignore_session_id.txt-mod_cache..cache_out_filter.txt,66,11,No Clone
mod_cache..add_ignore_session_id.txt-mod_cache..add_cache_disable.txt,46,12,No Clone
mod_cache..add_ignore_session_id.txt-mod_cache..cache_remove_url_filter.txt,66,13,No Clone
http_core..http_create_request.txt-mod_cache..set_cache_store_nostore.txt,72,14,No Clone
http_core..http_create_request.txt-mod_cache..cache_out_filter.txt,71,15,No Clone
http_core..http_create_request.txt-mod_cache..add_cache_disable.txt,71,16,No Clone
http_core..http_create_request.txt-mod_cache..cache_remove_url_filter.txt,68,17,No Clone
http_core..set_keep_alive_max.txt-http_core..set_keep_alive_timeout.txt,15,18,No Clone
http_core..set_keep_alive_max.txt-mod_file_cache..mmap_handler.txt,87,19,No Clone
http_core..set_keep_alive_max.txt-mod_file_cache..sendfile_handler.txt,87,20,No Clone
http_core..set_keep_alive_max.txt-mod_cache..add_ignore_session_id.txt,64,21,No Clone
http_core..set_keep_alive.txt-http_core..set_keep_alive_timeout.txt,31,22,No Clone
http_core..set_keep_alive.txt-http_core..ap_process_http_async_connection.txt,71,23,No Clone
http_core..set_keep_alive.txt-mod_file_cache..mmap_handler.txt,84,24,No Clone
http_core..set_keep_alive.txt-mod_file_cache..sendfile_handler.txt,83,25,No Clone
http_core..set_keep_alive.txt-mod_cache..add_ignore_session_id.txt,53,26,No Clone
http_core..set_keep_alive.txt-http_core..set_keep_alive_max.txt,34,27,No Clone
mod_file_cache..cachefilemmap.txt-mod_cache..set_cache_store_nostore.txt,46,28,No Clone
mod_file_cache..cachefilemmap.txt-mod_cache..cache_out_filter.txt,83,29,No Clone
mod_file_cache..cachefilemmap.txt-mod_cache..add_cache_disable.txt,67
mod_file_cache..cachefilemmap.txt-mod_cache..cache_remove_url_filter.txt,75
mod_file_cache..cachefilemmap.txt-http_core..http_create_request.txt,76
mod_file_cache..cachefilemmap.txt-http_core..set_keep_alive.txt,63
mod_cache..register_hooks.txt-mod_cache..set_cache_store_nostore.txt,86
mod_cache..register_hooks.txt-mod_cache..cache_out_filter.txt,76
mod_cache..register_hooks.txt-mod_cache..add_cache_disable.txt,79
mod_cache..register_hooks.txt-mod_cache..cache_remove_url_filter.txt,82
mod_cache..register_hooks.txt-http_core..http_create_request.txt,79
mod_cache..register_hooks.txt-http_core..set_keep_alive.txt,82
mod_cache..add_ignore_header.txt-http_core..set_keep_alive_timeout.txt,63
mod_cache..add_ignore_header.txt-http_core..ap_process_http_async_connection.txt,68
mod_cache..add_ignore_header.txt-mod_file_cache..mmap_handler.txt,80
mod_cache..add_ignore_header.txt-mod_file_cache..sendfile_handler.txt,80
mod_cache..add_ignore_header.txt-mod_cache..add_ignore_session_id.txt,6
mod_cache..add_ignore_header.txt-mod_file_cache..cachefilemmap.txt,73
mod_file_cache..file_cache_handler.txt-http_core..set_keep_alive_timeout.txt,75
mod_file_cache..file_cache_handler.txt-http_core..ap_process_http_async_connection.txt,66
mod_file_cache..file_cache_handler.txt-mod_file_cache..mmap_handler.txt,76
mod_file_cache..file_cache_handler.txt-mod_file_cache..sendfile_handler.txt,76
mod_file_cache..file_cache_handler.txt-mod_cache..add_ignore_session_id.txt,65
mod_file_cache..file_cache_handler.txt-http_core..set_keep_alive_max.txt,76
mod_file_cache..file_cache_handler.txt-mod_file_cache..cachefilemmap.txt,84
mod_file_cache..file_cache_handler.txt-mod_cache..add_ignore_header.txt,64
http_core..http_port.txt-mod_cache..set_cache_store_nostore.txt,64
http_core..http_port.txt-mod_cache..cache_out_filter.txt,77
http_core..http_port.txt-mod_cache..add_cache_disable.txt,62
http_core..http_port.txt-mod_cache..cache_remove_url_filter.txt,60
http_core..http_port.txt-http_core..http_create_request.txt,65
http_core..http_port.txt-http_core..set_keep_alive.txt,53
http_core..http_port.txt-mod_cache..register_hooks.txt,88
http_core..http_port.txt-mod_file_cache..file_cache_handler.txt,76
mod_file_cache..file_cache_post_config.txt-mod_cache..set_cache_store_nostore.txt,61
mod_file_cache..file_cache_post_config.txt-mod_cache..cache_out_filter.txt,84
mod_file_cache..file_cache_post_config.txt-mod_cache..add_cache_disable.txt,77
mod_file_cache..file_cache_post_config.txt-mod_cache..cache_remove_url_filter.txt,73
mod_file_cache..file_cache_post_config.txt-http_core..http_create_request.txt,74
mod_file_cache..file_cache_post_config.txt-http_core..set_keep_alive.txt,76
mod_file_cache..file_cache_post_config.txt-mod_cache..register_hooks.txt,90
mod_file_cache..file_cache_post_config.txt-mod_file_cache..file_cache_handler.txt,84
mod_cache..set_cache_factor.txt-http_core..set_keep_alive_timeout.txt,48
mod_cache..set_cache_factor.txt-http_core..ap_process_http_async_connection.txt,74
mod_cache..set_cache_factor.txt-mod_file_cache..mmap_handler.txt,84
mod_cache..set_cache_factor.txt-mod_file_cache..sendfile_handler.txt,83
mod_cache..set_cache_factor.txt-mod_cache..add_ignore_session_id.txt,48
mod_cache..set_cache_factor.txt-http_core..set_keep_alive_max.txt,48
mod_cache..set_cache_factor.txt-mod_file_cache..cachefilemmap.txt,62
mod_cache..set_cache_factor.txt-mod_cache..add_ignore_header.txt,46
mod_cache..set_cache_factor.txt-http_core..http_port.txt,57
mod_cache..set_cache_maxex.txt-http_core..set_keep_alive_timeout.txt,43
mod_cache..set_cache_maxex.txt-http_core..ap_process_http_async_connection.txt,81
mod_cache..set_cache_maxex.txt-mod_file_cache..sendfile_handler.txt,88
mod_cache..set_cache_maxex.txt-mod_cache..add_ignore_session_id.txt,55
mod_cache..set_cache_maxex.txt-mod_file_cache..cachefilemmap.txt,47
mod_cache..set_cache_maxex.txt-mod_cache..add_ignore_header.txt,53
mod_cache..set_cache_maxex.txt-http_core..http_port.txt,61
mod_cache..set_cache_maxex.txt-mod_cache..set_cache_factor.txt,33
mod_cache..set_cache_store_private.txt-mod_cache..set_cache_store_nostore.txt,2
mod_cache..set_cache_store_private.txt-mod_cache..add_cache_disable.txt,52
mod_cache..set_cache_store_private.txt-mod_cache..cache_remove_url_filter.txt,67
mod_cache..set_cache_store_private.txt-http_core..http_create_request.txt,72
mod_cache..set_cache_store_private.txt-http_core..set_keep_alive.txt,56
mod_cache..set_cache_store_private.txt-mod_cache..register_hooks.txt,86
mod_cache..set_cache_store_private.txt-mod_file_cache..file_cache_handler.txt,79
mod_cache..set_cache_store_private.txt-mod_file_cache..file_cache_post_config.txt,61
mod_cache..set_cache_store_private.txt-mod_cache..set_cache_maxex.txt,17
mod_cache..create_cache_config.txt-mod_cache..cache_out_filter.txt,70
mod_cache..create_cache_config.txt-mod_cache..add_cache_disable.txt,64
mod_cache..create_cache_config.txt-mod_cache..cache_remove_url_filter.txt,68
mod_cache..create_cache_config.txt-http_core..http_create_request.txt,69
mod_cache..create_cache_config.txt-http_core..set_keep_alive.txt,66
mod_cache..create_cache_config.txt-mod_cache..register_hooks.txt,80
mod_cache..create_cache_config.txt-mod_file_cache..file_cache_handler.txt,69
mod_cache..create_cache_config.txt-mod_cache..set_cache_maxex.txt,66
http_core..ap_process_http_connection.txt-http_core..set_keep_alive_timeout.txt,75
http_core..ap_process_http_connection.txt-mod_file_cache..mmap_handler.txt,77
http_core..ap_process_http_connection.txt-mod_file_cache..sendfile_handler.txt,76
http_core..ap_process_http_connection.txt-mod_cache..add_ignore_session_id.txt,68
http_core..ap_process_http_connection.txt-mod_file_cache..cachefilemmap.txt,85
http_core..ap_process_http_connection.txt-http_core..http_port.txt,75
http_core..ap_process_http_connection.txt-mod_cache..set_cache_factor.txt,73
http_core..http_scheme.txt-http_core..set_keep_alive_timeout.txt,49
http_core..http_scheme.txt-http_core..ap_process_http_async_connection.txt,78
http_core..http_scheme.txt-mod_file_cache..mmap_handler.txt,89
http_core..http_scheme.txt-mod_file_cache..sendfile_handler.txt,89
http_core..http_scheme.txt-mod_cache..add_ignore_session_id.txt,66
http_core..http_scheme.txt-http_core..set_keep_alive_max.txt,48
http_core..http_scheme.txt-mod_file_cache..cachefilemmap.txt,61
http_core..http_scheme.txt-mod_cache..add_ignore_header.txt,65
http_core..http_scheme.txt-http_core..http_port.txt,16
http_core..http_scheme.txt-mod_cache..set_cache_store_private.txt,57
http_core..http_scheme.txt-http_core..ap_process_http_connection.txt,77
mod_file_cache..register_hooks.txt-mod_cache..set_cache_store_nostore.txt,67
mod_file_cache..register_hooks.txt-mod_cache..cache_out_filter.txt,72
mod_file_cache..register_hooks.txt-mod_cache..cache_remove_url_filter.txt,73
mod_file_cache..register_hooks.txt-http_core..set_keep_alive.txt,70
mod_file_cache..register_hooks.txt-mod_cache..register_hooks.txt,72
mod_file_cache..register_hooks.txt-mod_file_cache..file_cache_post_config.txt,73
mod_file_cache..register_hooks.txt-mod_cache..set_cache_maxex.txt,67
mod_file_cache..register_hooks.txt-mod_cache..create_cache_config.txt,70
mod_file_cache..register_hooks.txt-http_core..http_scheme.txt,73
mod_cache..set_cache_ignore_cachecontrol.txt-mod_cache..add_cache_disable.txt,54
mod_cache..set_cache_ignore_cachecontrol.txt-mod_cache..cache_remove_url_filter.txt,69
mod_cache..set_cache_ignore_cachecontrol.txt-http_core..http_create_request.txt,73
mod_cache..set_cache_ignore_cachecontrol.txt-http_core..set_keep_alive.txt,59
mod_cache..set_cache_ignore_cachecontrol.txt-mod_cache..register_hooks.txt,86
mod_cache..set_cache_ignore_cachecontrol.txt-mod_file_cache..file_cache_handler.txt,79
mod_cache..set_cache_ignore_cachecontrol.txt-mod_file_cache..file_cache_post_config.txt,61
mod_cache..set_cache_ignore_cachecontrol.txt-mod_cache..set_cache_maxex.txt,20
mod_cache..set_cache_ignore_cachecontrol.txt-mod_file_cache..register_hooks.txt,66
mod_cache..cache_save_filter.txt-mod_cache..set_cache_store_nostore.txt,97
mod_cache..cache_save_filter.txt-mod_cache..cache_out_filter.txt,92
mod_cache..cache_save_filter.txt-mod_cache..add_cache_disable.txt,95
mod_cache..cache_save_filter.txt-mod_cache..cache_remove_url_filter.txt,95
mod_cache..cache_save_filter.txt-http_core..http_create_request.txt,96
mod_cache..cache_save_filter.txt-http_core..set_keep_alive.txt,96
mod_cache..cache_save_filter.txt-mod_cache..register_hooks.txt,88
mod_cache..cache_save_filter.txt-mod_file_cache..file_cache_handler.txt,93
mod_cache..cache_save_filter.txt-mod_file_cache..file_cache_post_config.txt,98
mod_cache..cache_save_filter.txt-mod_cache..set_cache_maxex.txt,97
mod_cache..cache_save_filter.txt-mod_cache..create_cache_config.txt,95
mod_cache..cache_save_filter.txt-http_core..http_scheme.txt,97
mod_cache..cache_save_filter.txt-mod_cache..set_cache_ignore_cachecontrol.txt,97
mod_cache..cache_post_config.txt-mod_cache..set_cache_store_nostore.txt,57
mod_cache..cache_post_config.txt-mod_cache..cache_out_filter.txt,77
mod_cache..cache_post_config.txt-mod_cache..add_cache_disable.txt,68
mod_cache..cache_post_config.txt-mod_cache..cache_remove_url_filter.txt,64
mod_cache..cache_post_config.txt-http_core..http_create_request.txt,66
mod_cache..cache_post_config.txt-http_core..set_keep_alive.txt,66
mod_cache..cache_post_config.txt-mod_cache..register_hooks.txt,87
mod_cache..cache_post_config.txt-mod_file_cache..file_cache_handler.txt,77
mod_cache..cache_post_config.txt-mod_file_cache..file_cache_post_config.txt,44
mod_cache..cache_post_config.txt-mod_cache..set_cache_maxex.txt,59
mod_cache..cache_post_config.txt-mod_cache..create_cache_config.txt,69
mod_cache..cache_post_config.txt-http_core..http_scheme.txt,64
mod_cache..cache_post_config.txt-mod_cache..set_cache_ignore_cachecontrol.txt,57
mod_file_cache..create_server_config.txt-http_core..set_keep_alive_timeout.txt,60
mod_file_cache..create_server_config.txt-http_core..ap_process_http_async_connection.txt,84
mod_file_cache..create_server_config.txt-mod_file_cache..mmap_handler.txt,91
mod_file_cache..create_server_config.txt-mod_file_cache..sendfile_handler.txt,90
mod_file_cache..create_server_config.txt-mod_cache..add_ignore_session_id.txt,73
mod_file_cache..create_server_config.txt-http_core..set_keep_alive_max.txt,57
mod_file_cache..create_server_config.txt-mod_file_cache..cachefilemmap.txt,51
mod_file_cache..create_server_config.txt-mod_cache..add_ignore_header.txt,74
mod_file_cache..create_server_config.txt-http_core..http_port.txt,66
mod_file_cache..create_server_config.txt-mod_cache..set_cache_factor.txt,66
mod_file_cache..create_server_config.txt-mod_cache..set_cache_store_private.txt,50
mod_file_cache..create_server_config.txt-http_core..ap_process_http_connection.txt,82
mod_file_cache..create_server_config.txt-mod_file_cache..register_hooks.txt,70
mod_file_cache..create_server_config.txt-mod_cache..cache_save_filter.txt,98
http_core..http_send_options.txt-http_core..set_keep_alive_timeout.txt,56
http_core..http_send_options.txt-http_core..ap_process_http_async_connection.txt,71
http_core..http_send_options.txt-mod_file_cache..mmap_handler.txt,87
http_core..http_send_options.txt-mod_cache..add_ignore_session_id.txt,66
http_core..http_send_options.txt-http_core..set_keep_alive_max.txt,56
http_core..http_send_options.txt-mod_file_cache..cachefilemmap.txt,72
http_core..http_send_options.txt-http_core..http_port.txt,46
http_core..http_send_options.txt-mod_cache..set_cache_store_private.txt,68
http_core..http_send_options.txt-mod_file_cache..register_hooks.txt,68
http_core..http_send_options.txt-mod_cache..cache_save_filter.txt,97
http_core..http_send_options.txt-mod_file_cache..create_server_config.txt,68
mod_cache..cache_url_handler.txt-mod_cache..set_cache_store_nostore.txt,91
mod_cache..cache_url_handler.txt-mod_cache..cache_out_filter.txt,74
mod_cache..cache_url_handler.txt-mod_cache..add_cache_disable.txt,85
mod_cache..cache_url_handler.txt-mod_cache..cache_remove_url_filter.txt,85
mod_cache..cache_url_handler.txt-http_core..http_create_request.txt,85
mod_cache..cache_url_handler.txt-http_core..set_keep_alive.txt,87
mod_cache..cache_url_handler.txt-mod_cache..register_hooks.txt,69
mod_cache..cache_url_handler.txt-mod_file_cache..file_cache_handler.txt,76
mod_cache..cache_url_handler.txt-mod_file_cache..file_cache_post_config.txt,94
mod_cache..cache_url_handler.txt-mod_cache..set_cache_maxex.txt,90
mod_cache..cache_url_handler.txt-mod_cache..create_cache_config.txt,85
mod_cache..cache_url_handler.txt-http_core..http_scheme.txt,91
mod_cache..cache_url_handler.txt-mod_cache..cache_post_config.txt,91
mod_cache..cache_url_handler.txt-http_core..http_send_options.txt,90
mod_cache..add_cache_enable.txt-mod_cache..cache_out_filter.txt,69
mod_cache..add_cache_enable.txt-mod_cache..cache_remove_url_filter.txt,63
mod_cache..add_cache_enable.txt-http_core..http_create_request.txt,70
mod_cache..add_cache_enable.txt-http_core..set_keep_alive.txt,53
mod_cache..add_cache_enable.txt-mod_cache..register_hooks.txt,76
mod_cache..add_cache_enable.txt-mod_file_cache..file_cache_handler.txt,65
mod_cache..add_cache_enable.txt-mod_file_cache..file_cache_post_config.txt,82
mod_cache..add_cache_enable.txt-mod_cache..set_cache_maxex.txt,58
mod_cache..add_cache_enable.txt-mod_cache..create_cache_config.txt,66
mod_cache..add_cache_enable.txt-http_core..http_scheme.txt,67
mod_cache..add_cache_enable.txt-mod_cache..set_cache_ignore_cachecontrol.txt,64
mod_cache..add_cache_enable.txt-mod_cache..cache_post_config.txt,72
mod_cache..add_cache_enable.txt-http_core..http_send_options.txt,69
mod_file_cache..cachefilehandle.txt-http_core..set_keep_alive_timeout.txt,52
mod_file_cache..cachefilehandle.txt-http_core..ap_process_http_async_connection.txt,85
mod_file_cache..cachefilehandle.txt-mod_file_cache..mmap_handler.txt,91
mod_file_cache..cachefilehandle.txt-mod_file_cache..sendfile_handler.txt,91
mod_file_cache..cachefilehandle.txt-mod_cache..add_ignore_session_id.txt,73
mod_file_cache..cachefilehandle.txt-http_core..set_keep_alive_max.txt,48
mod_file_cache..cachefilehandle.txt-mod_file_cache..cachefilemmap.txt,4
mod_file_cache..cachefilehandle.txt-http_core..http_port.txt,71
mod_file_cache..cachefilehandle.txt-mod_cache..set_cache_factor.txt,62
mod_file_cache..cachefilehandle.txt-mod_cache..set_cache_store_private.txt,46
mod_file_cache..cachefilehandle.txt-http_core..ap_process_http_connection.txt,85
mod_file_cache..cachefilehandle.txt-mod_file_cache..register_hooks.txt,68
mod_file_cache..cachefilehandle.txt-mod_cache..cache_save_filter.txt,98
mod_file_cache..cachefilehandle.txt-mod_file_cache..create_server_config.txt,51
mod_file_cache..cachefilehandle.txt-mod_cache..cache_url_handler.txt,93
mod_cache..set_cache_ignore_no_last_mod.txt-http_core..set_keep_alive_timeout.txt,49
mod_cache..set_cache_ignore_no_last_mod.txt-mod_file_cache..mmap_handler.txt,88
mod_cache..set_cache_ignore_no_last_mod.txt-mod_file_cache..sendfile_handler.txt,88
mod_cache..set_cache_ignore_no_last_mod.txt-mod_cache..add_ignore_session_id.txt,60
mod_cache..set_cache_ignore_no_last_mod.txt-http_core..set_keep_alive_max.txt,48
mod_cache..set_cache_ignore_no_last_mod.txt-mod_file_cache..cachefilemmap.txt,47
mod_cache..set_cache_ignore_no_last_mod.txt-mod_cache..add_ignore_header.txt,59
mod_cache..set_cache_ignore_no_last_mod.txt-http_core..http_port.txt,65
mod_cache..set_cache_ignore_no_last_mod.txt-mod_cache..set_cache_factor.txt,43
mod_cache..set_cache_ignore_no_last_mod.txt-mod_cache..set_cache_store_private.txt,5
mod_cache..set_cache_ignore_no_last_mod.txt-mod_file_cache..register_hooks.txt,66
mod_cache..set_cache_ignore_no_last_mod.txt-http_core..http_send_options.txt,70
mod_cache..set_cache_ignore_no_last_mod.txt-mod_cache..add_cache_enable.txt,64
mod_file_cache..file_cache_xlat.txt-http_core..set_keep_alive_timeout.txt,66
mod_file_cache..file_cache_xlat.txt-http_core..ap_process_http_async_connection.txt,64
mod_file_cache..file_cache_xlat.txt-mod_file_cache..mmap_handler.txt,80
mod_file_cache..file_cache_xlat.txt-mod_file_cache..sendfile_handler.txt,79
mod_file_cache..file_cache_xlat.txt-mod_cache..add_ignore_session_id.txt,57
mod_file_cache..file_cache_xlat.txt-http_core..set_keep_alive_max.txt,67
mod_file_cache..file_cache_xlat.txt-mod_file_cache..cachefilemmap.txt,77
mod_file_cache..file_cache_xlat.txt-mod_cache..add_ignore_header.txt,57
mod_file_cache..file_cache_xlat.txt-http_core..http_port.txt,66
mod_file_cache..file_cache_xlat.txt-mod_cache..set_cache_factor.txt,54
mod_file_cache..file_cache_xlat.txt-mod_cache..set_cache_store_private.txt,67
mod_file_cache..file_cache_xlat.txt-http_core..ap_process_http_connection.txt,62
mod_file_cache..file_cache_xlat.txt-mod_file_cache..register_hooks.txt,68
mod_file_cache..file_cache_xlat.txt-mod_file_cache..create_server_config.txt,73
mod_file_cache..file_cache_xlat.txt-mod_cache..cache_url_handler.txt,81
mod_cache..set_cache_ignore_querystring.txt-http_core..set_keep_alive_timeout.txt,49
mod_cache..set_cache_ignore_querystring.txt-mod_file_cache..mmap_handler.txt,88
mod_cache..set_cache_ignore_querystring.txt-mod_file_cache..sendfile_handler.txt,88
mod_cache..set_cache_ignore_querystring.txt-mod_cache..add_ignore_session_id.txt,60
mod_cache..set_cache_ignore_querystring.txt-http_core..set_keep_alive_max.txt,49
mod_cache..set_cache_ignore_querystring.txt-mod_file_cache..cachefilemmap.txt,47
mod_cache..set_cache_ignore_querystring.txt-mod_cache..add_ignore_header.txt,59
mod_cache..set_cache_ignore_querystring.txt-http_core..http_port.txt,65
mod_cache..set_cache_ignore_querystring.txt-mod_cache..set_cache_factor.txt,43
mod_cache..set_cache_ignore_querystring.txt-mod_cache..set_cache_store_private.txt,6
mod_cache..set_cache_ignore_querystring.txt-mod_cache..create_cache_config.txt,69
mod_cache..set_cache_ignore_querystring.txt-mod_cache..cache_save_filter.txt,97
mod_cache..set_cache_ignore_querystring.txt-mod_cache..cache_url_handler.txt,91
mod_cache..set_cache_ignore_querystring.txt-mod_file_cache..cachefilehandle.txt,47
mod_cache..set_cache_ignore_querystring.txt-mod_file_cache..file_cache_xlat.txt,68
http_core..register_hooks.txt-mod_cache..cache_out_filter.txt,80
http_core..register_hooks.txt-mod_cache..add_cache_disable.txt,85
http_core..register_hooks.txt-mod_cache..cache_remove_url_filter.txt,86
http_core..register_hooks.txt-http_core..http_create_request.txt,84
http_core..register_hooks.txt-http_core..set_keep_alive.txt,86
http_core..register_hooks.txt-mod_cache..register_hooks.txt,47
http_core..register_hooks.txt-mod_file_cache..file_cache_handler.txt,81
http_core..register_hooks.txt-mod_cache..cache_post_config.txt,91
http_core..register_hooks.txt-http_core..http_send_options.txt,89
http_core..register_hooks.txt-mod_cache..add_cache_enable.txt,81
http_core..register_hooks.txt-mod_cache..set_cache_ignore_no_last_mod.txt,90
http_core..register_hooks.txt-mod_cache..set_cache_ignore_querystring.txt,90
mod_cache..merge_cache_config.txt-mod_cache..set_cache_store_nostore.txt,85
mod_cache..merge_cache_config.txt-mod_cache..cache_out_filter.txt,70
mod_cache..merge_cache_config.txt-mod_cache..add_cache_disable.txt,76
mod_cache..merge_cache_config.txt-mod_cache..cache_remove_url_filter.txt,78
mod_cache..merge_cache_config.txt-http_core..http_create_request.txt,78
mod_cache..merge_cache_config.txt-http_core..set_keep_alive.txt,78
mod_cache..merge_cache_config.txt-mod_cache..register_hooks.txt,72
mod_cache..merge_cache_config.txt-mod_file_cache..file_cache_handler.txt,69
mod_cache..merge_cache_config.txt-mod_file_cache..file_cache_post_config.txt,90
mod_cache..merge_cache_config.txt-mod_cache..set_cache_maxex.txt,83
mod_cache..merge_cache_config.txt-mod_cache..create_cache_config.txt,69
mod_cache..merge_cache_config.txt-http_core..http_scheme.txt,84
mod_cache..merge_cache_config.txt-mod_cache..set_cache_ignore_cachecontrol.txt,85
mod_cache..merge_cache_config.txt-mod_cache..cache_post_config.txt,85
mod_cache..merge_cache_config.txt-http_core..http_send_options.txt,82
mod_cache..merge_cache_config.txt-mod_cache..add_cache_enable.txt,73
mod_cache..merge_cache_config.txt-mod_cache..set_cache_ignore_no_last_mod.txt,85
mod_cache..merge_cache_config.txt-mod_cache..set_cache_ignore_querystring.txt,85
mod_cache..set_cache_defex.txt-http_core..set_keep_alive_timeout.txt,43
mod_cache..set_cache_defex.txt-http_core..ap_process_http_async_connection.txt,81
mod_cache..set_cache_defex.txt-mod_file_cache..mmap_handler.txt,88
mod_cache..set_cache_defex.txt-mod_file_cache..sendfile_handler.txt,88
mod_cache..set_cache_defex.txt-mod_cache..add_ignore_session_id.txt,55
mod_cache..set_cache_defex.txt-http_core..set_keep_alive_max.txt,46
mod_cache..set_cache_defex.txt-mod_file_cache..cachefilemmap.txt,46
mod_cache..set_cache_defex.txt-mod_cache..add_ignore_header.txt,53
mod_cache..set_cache_defex.txt-mod_cache..set_cache_store_private.txt,17
mod_cache..set_cache_defex.txt-mod_file_cache..register_hooks.txt,67
mod_cache..set_cache_defex.txt-mod_cache..cache_save_filter.txt,97
mod_cache..set_cache_defex.txt-mod_file_cache..create_server_config.txt,54
mod_cache..set_cache_defex.txt-mod_file_cache..cachefilehandle.txt,47
mod_cache..set_cache_defex.txt-mod_file_cache..file_cache_xlat.txt,63
mod_cache..set_cache_defex.txt-http_core..register_hooks.txt,89
mod_file_cache..cache_the_file.txt-http_core..set_keep_alive_timeout.txt,85
mod_file_cache..cache_the_file.txt-http_core..ap_process_http_async_connection.txt,71
mod_file_cache..cache_the_file.txt-mod_file_cache..mmap_handler.txt,78
mod_file_cache..cache_the_file.txt-mod_file_cache..sendfile_handler.txt,78
mod_file_cache..cache_the_file.txt-mod_cache..add_ignore_session_id.txt,76
mod_file_cache..cache_the_file.txt-http_core..set_keep_alive_max.txt,85
mod_file_cache..cache_the_file.txt-mod_file_cache..cachefilemmap.txt,90
mod_file_cache..cache_the_file.txt-mod_cache..add_ignore_header.txt,77
mod_file_cache..cache_the_file.txt-http_core..http_port.txt,86
mod_file_cache..cache_the_file.txt-http_core..ap_process_http_connection.txt,72
mod_file_cache..cache_the_file.txt-mod_file_cache..register_hooks.txt,81
mod_file_cache..cache_the_file.txt-mod_cache..cache_save_filter.txt,87
mod_file_cache..cache_the_file.txt-mod_file_cache..create_server_config.txt,89
mod_file_cache..cache_the_file.txt-mod_cache..cache_url_handler.txt,61
mod_file_cache..cache_the_file.txt-mod_file_cache..cachefilehandle.txt,90
mod_file_cache..cache_the_file.txt-mod_file_cache..file_cache_xlat.txt,75
mod_file_cache..cache_the_file.txt-http_core..register_hooks.txt,73
mod_file_cache..cache_the_file.txt-mod_cache..set_cache_defex.txt,86
mod_cache..add_ignore_header.txt-http_core..set_keep_alive_max.txt,63
mod_cache..cache_remove_url_filter.txt-http_core..set_keep_alive_timeout.txt,64
http_core..set_keep_alive_max.txt-http_core..ap_process_http_async_connection.txt,78
mod_cache..set_cache_maxex.txt-mod_cache..cache_out_filter.txt,76
mod_cache..set_cache_store_private.txt-mod_cache..cache_out_filter.txt,78
mod_cache..create_cache_config.txt-mod_cache..set_cache_store_nostore.txt,68
http_core..http_scheme.txt-mod_cache..set_cache_factor.txt,53
mod_cache..set_cache_ignore_cachecontrol.txt-mod_cache..cache_out_filter.txt,78
mod_cache..set_cache_ignore_cachecontrol.txt-http_core..ap_process_http_connection.txt,79
mod_file_cache..cachefilehandle.txt-mod_cache..add_ignore_header.txt,73
mod_cache..set_cache_ignore_no_last_mod.txt-mod_cache..cache_out_filter.txt,78
mod_cache..set_cache_ignore_no_last_mod.txt-http_core..ap_process_http_connection.txt,78
mod_cache..set_cache_ignore_no_last_mod.txt-mod_cache..cache_post_config.txt,57
mod_cache..set_cache_ignore_querystring.txt-mod_cache..cache_out_filter.txt,78
mod_cache..set_cache_ignore_querystring.txt-http_core..ap_process_http_connection.txt,79
mod_cache..set_cache_ignore_querystring.txt-mod_cache..cache_post_config.txt,57
http_core..register_hooks.txt-http_core..set_keep_alive_timeout.txt,88
mod_cache..set_cache_defex.txt-mod_cache..create_cache_config.txt,66
