Comparision,Clone Type,,ClassNameA,MethodA,ClassNameB,MethodNameB,,Method A,Method B,,,,,,,,,,,,,,,,,
,,,,,,,,,,,,,,,,,,,,,,,,,,
readfuncs.._readwindowfunc()-readfuncs.._readaggref(),Type 2,,readfuncs,_readwindowfunc,readfuncs,_readaggref,,"static WindowFunc *
_readWindowFunc(void)
{
 READ_LOCALS(WindowFunc);

 READ_OID_FIELD(winfnoid);
 READ_OID_FIELD(wintype);
 READ_NODE_FIELD(args);
 READ_UINT_FIELD(winref);
 READ_BOOL_FIELD(winstar);
 READ_BOOL_FIELD(winagg);
 READ_LOCATION_FIELD(location);

 READ_DONE();
}","static Aggref *
_readAggref(void)
{
 READ_LOCALS(Aggref);

 READ_OID_FIELD(aggfnoid);
 READ_OID_FIELD(aggtype);
 READ_NODE_FIELD(args);
 READ_UINT_FIELD(agglevelsup);
 READ_BOOL_FIELD(aggstar);
 READ_BOOL_FIELD(aggdistinct);
 READ_LOCATION_FIELD(location);

 READ_DONE();
}",,,,,,,,,,,,,,,,,
outfuncs.._outindexscan()-outfuncs.._outsubqueryscan(),Type 2,,outfuncs,_outindexscan,outfuncs,_outsubqueryscan,,"static void
_outIndexScan(StringInfo str, IndexScan *node)
{
 WRITE_NODE_TYPE(""INDEXSCAN"");

 _outScanInfo(str, (Scan *) node);

 WRITE_OID_FIELD(indexid);
 WRITE_NODE_FIELD(indexqual);
 WRITE_NODE_FIELD(indexqualorig);
 WRITE_ENUM_FIELD(indexorderdir, ScanDirection);
}","static void
_outSubqueryScan(StringInfo str, SubqueryScan *node)
{
 WRITE_NODE_TYPE(""SUBQUERYSCAN"");

 _outScanInfo(str, (Scan *) node);

 WRITE_NODE_FIELD(subplan);
 WRITE_NODE_FIELD(subrtable);
}",,,,,,,,,,,,,,,,,
list..lcons_int()-list..lappend_int(),Type 2,,list,lcons_int,list,lappend_int,,"List *
lcons_int(int datum, List *list)
{
 Assert(IsIntegerList(list));

 if (list == NIL)
  list = new_list(T_IntList);
 else
  new_head_cell(list);

 lfirst_int(list->head) = datum;
 check_list_invariants(list);
 return list;
}","List *
lappend_int(List *list, int datum)
{
 Assert(IsIntegerList(list));

 if (list == NIL)
  list = new_list(T_IntList);
 else
  new_tail_cell(list);

 lfirst_int(list->tail) = datum;
 check_list_invariants(list);
 return list;
}",,,,,,,,,,,,,,,,,
readfuncs.._readcoerceviaio()-readfuncs.._readminmaxexpr(),Type 2,,readfuncs,_readcoerceviaio,readfuncs,_readminmaxexpr,,"static CoerceViaIO *
_readCoerceViaIO(void)
{
 READ_LOCALS(CoerceViaIO);

 READ_NODE_FIELD(arg);
 READ_OID_FIELD(resulttype);
 READ_ENUM_FIELD(coerceformat, CoercionForm);
 READ_LOCATION_FIELD(location);

 READ_DONE();
}","static MinMaxExpr *
_readMinMaxExpr(void)
{
 READ_LOCALS(MinMaxExpr);

 READ_OID_FIELD(minmaxtype);
 READ_ENUM_FIELD(op, MinMaxOp);
 READ_NODE_FIELD(args);
 READ_LOCATION_FIELD(location);

 READ_DONE();
}",,,,,,,,,,,,,,,,,
outfuncs.._outa_arrayexpr()-outfuncs.._outcasetestexpr(),Type 2,,outfuncs,_outa_arrayexpr,outfuncs,_outcasetestexpr,,"static void
_outA_ArrayExpr(StringInfo str, A_ArrayExpr *node)
{
 WRITE_NODE_TYPE(""A_ARRAYEXPR"");

 WRITE_NODE_FIELD(elements);
 WRITE_LOCATION_FIELD(location);
}","static void
_outCaseTestExpr(StringInfo str, CaseTestExpr *node)
{
 WRITE_NODE_TYPE(""CASETESTEXPR"");

 WRITE_OID_FIELD(typeId);
 WRITE_INT_FIELD(typeMod);
}",,,,,,,,,,,,,,,,,
outfuncs.._outmaterialpath()-outfuncs.._outbitmapheapscan(),Type 2,,outfuncs,_outmaterialpath,outfuncs,_outbitmapheapscan,,"static void
_outMaterialPath(StringInfo str, MaterialPath *node)
{
 WRITE_NODE_TYPE(""MATERIALPATH"");

 _outPathInfo(str, (Path *) node);

 WRITE_NODE_FIELD(subpath);
}","static void
_outBitmapHeapScan(StringInfo str, BitmapHeapScan *node)
{
 WRITE_NODE_TYPE(""BITMAPHEAPSCAN"");

 _outScanInfo(str, (Scan *) node);

 WRITE_NODE_FIELD(bitmapqualorig);
}",,,,,,,,,,,,,,,,,
outfuncs.._outmaterialpath()-outfuncs.._outsubqueryscan(),Type 2,,outfuncs,_outmaterialpath,outfuncs,_outsubqueryscan,,"static void
_outMaterialPath(StringInfo str, MaterialPath *node)
{
 WRITE_NODE_TYPE(""MATERIALPATH"");

 _outPathInfo(str, (Path *) node);

 WRITE_NODE_FIELD(subpath);
}","static void
_outSubqueryScan(StringInfo str, SubqueryScan *node)
{
 WRITE_NODE_TYPE(""SUBQUERYSCAN"");

 _outScanInfo(str, (Scan *) node);

 WRITE_NODE_FIELD(subplan);
 WRITE_NODE_FIELD(subrtable);
}",,,,,,,,,,,,,,,,,
outfuncs.._outhashpath()-outfuncs.._outlimit(),Type 2,,outfuncs,_outhashpath,outfuncs,_outlimit,,"static void
_outHashPath(StringInfo str, HashPath *node)
{
 WRITE_NODE_TYPE(""HASHPATH"");

 _outJoinPathInfo(str, (JoinPath *) node);

 WRITE_NODE_FIELD(path_hashclauses);
 WRITE_INT_FIELD(num_batches);
}","static void
_outLimit(StringInfo str, Limit *node)
{
 WRITE_NODE_TYPE(""LIMIT"");

 _outPlanInfo(str, (Plan *) node);

 WRITE_NODE_FIELD(limitOffset);
 WRITE_NODE_FIELD(limitCount);
}",,,,,,,,,,,,,,,,,
list..list_append_unique_oid()-list..list_append_unique_ptr(),type 2,,list,list_append_unique_oid,list,list_append_unique_ptr,,"List *
list_append_unique_oid(List *list, Oid datum)
{
 if (list_member_oid(list, datum))
  return list;
 else
  return lappend_oid(list, datum);
}","List *
list_append_unique_ptr(List *list, void *datum)
{
 if (list_member_ptr(list, datum))
  return list;
 else
  return lappend(list, datum);
}",,,,,,,,,,,,,,,,,
outfuncs.._outrangesubselect()-outfuncs.._outa_arrayexpr(),Type 2,,outfuncs,_outrangesubselect,outfuncs,_outa_arrayexpr,,"static void
_outRangeSubselect(StringInfo str, RangeSubselect *node)
{
 WRITE_NODE_TYPE(""RANGESUBSELECT"");

 WRITE_NODE_FIELD(subquery);
 WRITE_NODE_FIELD(alias);
}","static void
_outA_ArrayExpr(StringInfo str, A_ArrayExpr *node)
{
 WRITE_NODE_TYPE(""A_ARRAYEXPR"");

 WRITE_NODE_FIELD(elements);
 WRITE_LOCATION_FIELD(location);
}",,,,,,,,,,,,,,,,,
outfuncs.._outfunctionscan()-outfuncs.._outlimit(),type 2,,outfuncs,_outfunctionscan,outfuncs,_outlimit,,"static void
_outFunctionScan(StringInfo str, FunctionScan *node)
{
 WRITE_NODE_TYPE(""FUNCTIONSCAN"");

 _outScanInfo(str, (Scan *) node);

 WRITE_NODE_FIELD(funcexpr);
 WRITE_NODE_FIELD(funccolnames);
 WRITE_NODE_FIELD(funccoltypes);
 WRITE_NODE_FIELD(funccoltypmods);
}","static void
_outLimit(StringInfo str, Limit *node)
{
 WRITE_NODE_TYPE(""LIMIT"");

 _outPlanInfo(str, (Plan *) node);

 WRITE_NODE_FIELD(limitOffset);
 WRITE_NODE_FIELD(limitCount);
}",,,,,,,,,,,,,,,,,
outfuncs.._outfunctionscan()-outfuncs.._outintoclause(),Type 2,,outfuncs,_outfunctionscan,outfuncs,_outintoclause,,"static void
_outFunctionScan(StringInfo str, FunctionScan *node)
{
 WRITE_NODE_TYPE(""FUNCTIONSCAN"");

 _outScanInfo(str, (Scan *) node);

 WRITE_NODE_FIELD(funcexpr);
 WRITE_NODE_FIELD(funccolnames);
 WRITE_NODE_FIELD(funccoltypes);
 WRITE_NODE_FIELD(funccoltypmods);
}","static void
_outIntoClause(StringInfo str, IntoClause *node)
{
 WRITE_NODE_TYPE(""INTOCLAUSE"");

 WRITE_NODE_FIELD(rel);
 WRITE_NODE_FIELD(colNames);
 WRITE_NODE_FIELD(options);
 WRITE_ENUM_FIELD(onCommit, OnCommitAction);
 WRITE_STRING_FIELD(tableSpaceName);
}
",,,,,,,,,,,,,,,,,
outfuncs.._outbitmapand()-outfuncs.._outalternativesubplan(),type 2,,outfuncs,_outbitmapand,outfuncs,_outalternativesubplan,,"static void
_outBitmapAndPath(StringInfo str, BitmapAndPath *node)
{
 WRITE_NODE_TYPE(""BITMAPANDPATH"");

 _outPathInfo(str, (Path *) node);

 WRITE_NODE_FIELD(bitmapquals);
 WRITE_FLOAT_FIELD(bitmapselectivity, ""%.4f"");
}","static void
_outAlternativeSubPlan(StringInfo str, AlternativeSubPlan *node)
{
 WRITE_NODE_TYPE(""ALTERNATIVESUBPLAN"");

 WRITE_NODE_FIELD(subplans);
}",,,,,,,,,,,,,,,,,
outfuncs.._outalias()-outfuncs.._outinhrelation(),Type 2,,outfuncs,_outalias,outfuncs,_outinhrelation,,"static void
_outAlias(StringInfo str, Alias *node)
{
 WRITE_NODE_TYPE(""ALIAS"");

 WRITE_STRING_FIELD(aliasname);
 WRITE_NODE_FIELD(colnames);
}","static void
_outInhRelation(StringInfo str, InhRelation *node)
{
 WRITE_NODE_TYPE(""INHRELATION"");

 WRITE_NODE_FIELD(relation);
 WRITE_NODE_FIELD(options);
}",,,,,,,,,,,,,,,,,
outfuncs.._outtidpath()-outfuncs.._outbitmapheapscan(),Type 2,,outfuncs,_outtidpath,outfuncs,_outbitmapheapscan,,"static void
_outTidPath(StringInfo str, TidPath *node)
{
 WRITE_NODE_TYPE(""TIDPATH"");

 _outPathInfo(str, (Path *) node);

 WRITE_NODE_FIELD(tidquals);
}","static void
_outBitmapHeapScan(StringInfo str, BitmapHeapScan *node)
{
 WRITE_NODE_TYPE(""BITMAPHEAPSCAN"");

 _outScanInfo(str, (Scan *) node);

 WRITE_NODE_FIELD(bitmapqualorig);
}",,,,,,,,,,,,,,,,,
outfuncs.._outappendpath()-outfuncs.._outa_indirection(),Type 2,,outfuncs,_outappendpath,outfuncs,_outa_indirection,,"static void
_outAppendPath(StringInfo str, AppendPath *node)
{
 WRITE_NODE_TYPE(""APPENDPATH"");

 _outPathInfo(str, (Path *) node);

 WRITE_NODE_FIELD(subpaths);
}","static void
_outA_Indirection(StringInfo str, A_Indirection *node)
{
 WRITE_NODE_TYPE(""A_INDIRECTION"");

 WRITE_NODE_FIELD(arg);
 WRITE_NODE_FIELD(indirection);
}",,,,,,,,,,,,,,,,,
outfuncs.._outbitmapor()-outfuncs.._outa_indirection(),Type 2,,outfuncs,_outbitmapor,outfuncs,_outa_indirection,,"static void
_outBitmapOr(StringInfo str, BitmapOr *node)
{
 WRITE_NODE_TYPE(""BITMAPOR"");

 _outPlanInfo(str, (Plan *) node);

 WRITE_NODE_FIELD(bitmapplans);
}","static void
_outA_Indirection(StringInfo str, A_Indirection *node)
{
 WRITE_NODE_TYPE(""A_INDIRECTION"");

 WRITE_NODE_FIELD(arg);
 WRITE_NODE_FIELD(indirection);
}",,,,,,,,,,,,,,,,,
outfuncs.._outbitmapor()-outfuncs.._outresultpath(),Type 2,,outfuncs,_outbitmapor,outfuncs,_outresultpath,,"static void
_outBitmapOr(StringInfo str, BitmapOr *node)
{
 WRITE_NODE_TYPE(""BITMAPOR"");

 _outPlanInfo(str, (Plan *) node);

 WRITE_NODE_FIELD(bitmapplans);
}","static void
_outResultPath(StringInfo str, ResultPath *node)
{
 WRITE_NODE_TYPE(""RESULTPATH"");

 _outPathInfo(str, (Path *) node);

 WRITE_NODE_FIELD(quals);
}",,,,,,,,,,,,,,,,,
outfuncs.._outsubqueryscan()-outfuncs.._outbitmapheapscan(),Type 3,,outfuncs,_outsubqueryscan,outfuncs,_outbitmapheapscan,,"static void
_outSubqueryScan(StringInfo str, SubqueryScan *node)
{
 WRITE_NODE_TYPE(""SUBQUERYSCAN"");

 _outScanInfo(str, (Scan *) node);

 WRITE_NODE_FIELD(subplan);
 WRITE_NODE_FIELD(subrtable);
}","static void
_outBitmapHeapScan(StringInfo str, BitmapHeapScan *node)
{
 WRITE_NODE_TYPE(""BITMAPHEAPSCAN"");

 _outScanInfo(str, (Scan *) node);

 WRITE_NODE_FIELD(bitmapqualorig);
}",,,,,,,,,,,,,,,,,
readfuncs.._readcoercetodomainvalue()-readfuncs.._readminmaxexpr(),Type 3,,readfuncs,_readcoercetodomainvalue,readfuncs,_readminmaxexpr,,"static CoerceToDomainValue *
_readCoerceToDomainValue(void)
{
 READ_LOCALS(CoerceToDomainValue);

 READ_OID_FIELD(typeId);
 READ_INT_FIELD(typeMod);
 READ_LOCATION_FIELD(location);

 READ_DONE();
}","static MinMaxExpr *
_readMinMaxExpr(void)
{
 READ_LOCALS(MinMaxExpr);

 READ_OID_FIELD(minmaxtype);
 READ_ENUM_FIELD(op, MinMaxOp);
 READ_NODE_FIELD(args);
 READ_LOCATION_FIELD(location);

 READ_DONE();
}",,,,,,,,,,,,,,,,,
outfuncs.._outalternativesubplan()-outfuncs.._outresultpath(),Type 3,,outfuncs,_outalternativesubplan,outfuncs,_outresultpath,,"static void
_outAlternativeSubPlan(StringInfo str, AlternativeSubPlan *node)
{
 WRITE_NODE_TYPE(""ALTERNATIVESUBPLAN"");

 WRITE_NODE_FIELD(subplans);
}","static void
_outResultPath(StringInfo str, ResultPath *node)
{
 WRITE_NODE_TYPE(""RESULTPATH"");

 _outPathInfo(str, (Path *) node);

 WRITE_NODE_FIELD(quals);
}",,,,,,,,,,,,,,,,,
readfuncs.._readsublink()-readfuncs.._readminmaxexpr(),Type 3,,readfuncs,_readsublink,readfuncs,_readminmaxexpr,,"static SubLink *
_readSubLink(void)
{
 READ_LOCALS(SubLink);

 READ_ENUM_FIELD(subLinkType, SubLinkType);
 READ_NODE_FIELD(testexpr);
 READ_NODE_FIELD(operName);
 READ_NODE_FIELD(subselect);
 READ_LOCATION_FIELD(location);

 READ_DONE();
}","static MinMaxExpr *
_readMinMaxExpr(void)
{
 READ_LOCALS(MinMaxExpr);

 READ_OID_FIELD(minmaxtype);
 READ_ENUM_FIELD(op, MinMaxOp);
 READ_NODE_FIELD(args);
 READ_LOCATION_FIELD(location);

 READ_DONE();
}",,,,,,,,,,,,,,,,,
outfuncs.._outindexpath()-outfuncs.._outtypename(),Type 3,,outfuncs,_outindexpath,outfuncs,_outtypename,,"static void
_outIndexPath(StringInfo str, IndexPath *node)
{
 WRITE_NODE_TYPE(""INDEXPATH"");

 _outPathInfo(str, (Path *) node);

 WRITE_NODE_FIELD(indexinfo);
 WRITE_NODE_FIELD(indexclauses);
 WRITE_NODE_FIELD(indexquals);
 WRITE_BOOL_FIELD(isjoininner);
 WRITE_ENUM_FIELD(indexscandir, ScanDirection);
 WRITE_FLOAT_FIELD(indextotalcost, ""%.2f"");
 WRITE_FLOAT_FIELD(indexselectivity, ""%.4f"");
 WRITE_FLOAT_FIELD(rows, ""%.0f"");
}","static void
_outTypeName(StringInfo str, TypeName *node)
{
 WRITE_NODE_TYPE(""TYPENAME"");

 WRITE_NODE_FIELD(names);
 WRITE_OID_FIELD(typeid);
 WRITE_BOOL_FIELD(setof);
 WRITE_BOOL_FIELD(pct_type);
 WRITE_NODE_FIELD(typmods);
 WRITE_INT_FIELD(typemod);
 WRITE_NODE_FIELD(arrayBounds);
 WRITE_LOCATION_FIELD(location);
}",,,,,,,,,,,,,,,,,
outfuncs.._outjoinplaninfo()-outfuncs.._outresultpath(),Type 3,,outfuncs,_outjoinplaninfo,outfuncs,_outresultpath,,"static void
_outJoinPlanInfo(StringInfo str, Join *node)
{
 _outPlanInfo(str, (Plan *) node);

 WRITE_ENUM_FIELD(jointype, JoinType);
 WRITE_NODE_FIELD(joinqual);
}","static void
_outResultPath(StringInfo str, ResultPath *node)
{
 WRITE_NODE_TYPE(""RESULTPATH"");

 _outPathInfo(str, (Path *) node);

 WRITE_NODE_FIELD(quals);
}",,,,,,,,,,,,,,,,,
outfuncs.._outjoinplaninfo()-outfuncs.._outappendpath(),Type 3,,outfuncs,_outjoinplaninfo,outfuncs,_outappendpath,,"static void
_outJoinPlanInfo(StringInfo str, Join *node)
{
 _outPlanInfo(str, (Plan *) node);

 WRITE_ENUM_FIELD(jointype, JoinType);
 WRITE_NODE_FIELD(joinqual);
}","static void
_outAppendPath(StringInfo str, AppendPath *node)
{
 WRITE_NODE_TYPE(""APPENDPATH"");

 _outPathInfo(str, (Path *) node);

 WRITE_NODE_FIELD(subpaths);
}",,,,,,,,,,,,,,,,,
readfuncs.._readxmlexpr()-readfuncs.._readjoinexpr(),Type 3,,readfuncs,_readxmlexpr,readfuncs,_readjoinexpr,,"static XmlExpr *
_readXmlExpr(void)
{
 READ_LOCALS(XmlExpr);

 READ_ENUM_FIELD(op, XmlExprOp);
 READ_STRING_FIELD(name);
 READ_NODE_FIELD(named_args);
 READ_NODE_FIELD(arg_names);
 READ_NODE_FIELD(args);
 READ_ENUM_FIELD(xmloption, XmlOptionType);
 READ_OID_FIELD(type);
 READ_INT_FIELD(typmod);
 READ_LOCATION_FIELD(location);

 READ_DONE();
}","static JoinExpr *
_readJoinExpr(void)
{
 READ_LOCALS(JoinExpr);

 READ_ENUM_FIELD(jointype, JoinType);
 READ_BOOL_FIELD(isNatural);
 READ_NODE_FIELD(larg);
 READ_NODE_FIELD(rarg);
 READ_NODE_FIELD(using);
 READ_NODE_FIELD(quals);
 READ_NODE_FIELD(alias);
 READ_INT_FIELD(rtindex);

 READ_DONE();
}",,,,,,,,,,,,,,,,,
outfuncs.._outfieldselect()-outfuncs.._outinhrelation(),Type 3,,outfuncs,_outfieldselect,outfuncs,_outinhrelation,,"static void
_outFieldSelect(StringInfo str, FieldSelect *node)
{
 WRITE_NODE_TYPE(""FIELDSELECT"");

 WRITE_NODE_FIELD(arg);
 WRITE_INT_FIELD(fieldnum);
 WRITE_OID_FIELD(resulttype);
 WRITE_INT_FIELD(resulttypmod);
}","static void
_outInhRelation(StringInfo str, InhRelation *node)
{
 WRITE_NODE_TYPE(""INHRELATION"");

 WRITE_NODE_FIELD(relation);
 WRITE_NODE_FIELD(options);
}",,,,,,,,,,,,,,,,,
readfuncs.._readscalararrayopexpr()-readfuncs.._readwindowfunc(),Type 3,,readfuncs,_readscalararrayopexpr,readfuncs,_readwindowfunc,,"static ScalarArrayOpExpr *
_readScalarArrayOpExpr(void)
{
 READ_LOCALS(ScalarArrayOpExpr);

 READ_OID_FIELD(opno);
 READ_OID_FIELD(opfuncid);

 /*
  * The opfuncid is stored in the textual format primarily for debugging
  * and documentation reasons.  We want to always read it as zero to force
  * it to be re-looked-up in the pg_operator entry. This ensures that
  * stored rules don't have hidden dependencies on operators' functions.
  * (We don't currently support an ALTER OPERATOR command, but might
  * someday.)
  */
 local_node->opfuncid = InvalidOid;

 READ_BOOL_FIELD(useOr);
 READ_NODE_FIELD(args);
 READ_LOCATION_FIELD(location);

 READ_DONE();
}","static WindowFunc *
_readWindowFunc(void)
{
 READ_LOCALS(WindowFunc);

 READ_OID_FIELD(winfnoid);
 READ_OID_FIELD(wintype);
 READ_NODE_FIELD(args);
 READ_UINT_FIELD(winref);
 READ_BOOL_FIELD(winstar);
 READ_BOOL_FIELD(winagg);
 READ_LOCATION_FIELD(location);

 READ_DONE();
}",,,,,,,,,,,,,,,,,
outfuncs.._outwithclause()-outfuncs.._outinhrelation(),Type 4,,outfuncs,_outwithclause,outfuncs,_outinhrelation,,"static void
_outWithClause(StringInfo str, WithClause *node)
{
 WRITE_NODE_TYPE(""WITHCLAUSE"");

 WRITE_NODE_FIELD(ctes);
 WRITE_BOOL_FIELD(recursive);
 WRITE_LOCATION_FIELD(location);
}","static void
_outInhRelation(StringInfo str, InhRelation *node)
{
 WRITE_NODE_TYPE(""INHRELATION"");

 WRITE_NODE_FIELD(relation);
 WRITE_NODE_FIELD(options);
}",,,,,,,,,,,,,,,,,
outfuncs.._outresultpath()-outfuncs.._outrangefunction(),type 4,,outfuncs,_outresultpath,outfuncs,_outrangefunction,,"static void
_outResultPath(StringInfo str, ResultPath *node)
{
 WRITE_NODE_TYPE(""RESULTPATH"");

 _outPathInfo(str, (Path *) node);

 WRITE_NODE_FIELD(quals);
}
","static void
_outRangeFunction(StringInfo str, RangeFunction *node)
{
 WRITE_NODE_TYPE(""RANGEFUNCTION"");

 WRITE_NODE_FIELD(funccallnode);
 WRITE_NODE_FIELD(alias);
 WRITE_NODE_FIELD(coldeflist);
}",,,,,,,,,,,,,,,,,
pqformat..pq_sendtext()-pqformat..pq_sendstring(),Type 4,,pqformat,pq_sendtext,pqformat,pq_sendstring,,"void
pq_sendtext(StringInfo buf, const char *str, int slen)
{
 char    *p;

 p = pg_server_to_client(str, slen);
 if (p != str)    /* actual conversion has been done? */
 {
  slen = strlen(p);
  appendBinaryStringInfo(buf, p, slen);
  pfree(p);
 }
 else
  appendBinaryStringInfo(buf, str, slen);
}","void
pq_sendstring(StringInfo buf, const char *str)
{
 int   slen = strlen(str);
 char    *p;

 p = pg_server_to_client(str, slen);
 if (p != str)    /* actual conversion has been done? */
 {
  slen = strlen(p);
  appendBinaryStringInfo(buf, p, slen + 1);
  pfree(p);
 }
 else
  appendBinaryStringInfo(buf, str, slen + 1);
}",,,,,,,,,,,,,,,,,
list..list_union_ptr()-list..list_intersection(),Type 4,,list,list_union_ptr,list,list_intersection,,"List *
list_union_ptr(List *list1, List *list2)
{
 List    *result;
 ListCell   *cell;

 Assert(IsPointerList(list1));
 Assert(IsPointerList(list2));

 result = list_copy(list1);
 foreach(cell, list2)
 {
  if (!list_member_ptr(result, lfirst(cell)))
   result = lappend(result, lfirst(cell));
 }

 check_list_invariants(result);
 return result;
}","List *
list_intersection(List *list1, List *list2)
{
 List    *result;
 ListCell   *cell;

 if (list1 == NIL || list2 == NIL)
  return NIL;

 Assert(IsPointerList(list1));
 Assert(IsPointerList(list2));

 result = NIL;
 foreach(cell, list1)
 {
  if (list_member(list2, lfirst(cell)))
   result = lappend(result, lfirst(cell));
 }

 check_list_invariants(result);
 return result;
}",,,,,,,,,,,,,,,,,
outfuncs.._outtidpath()-outfuncs.._outrangefunction(),type 4,,outfuncs,_outtidpath,outfuncs,_outrangefunction,,"static void
_outTidPath(StringInfo str, TidPath *node)
{
 WRITE_NODE_TYPE(""TIDPATH"");

 _outPathInfo(str, (Path *) node);

 WRITE_NODE_FIELD(tidquals);
}","static void
_outRangeFunction(StringInfo str, RangeFunction *node)
{
 WRITE_NODE_TYPE(""RANGEFUNCTION"");

 WRITE_NODE_FIELD(funccallnode);
 WRITE_NODE_FIELD(alias);
 WRITE_NODE_FIELD(coldeflist);
}",,,,,,,,,,,,,,,,,
